Workbook

Sheet FC 합계
A1: 2025. 12월 FC 커미션 예측 현황
A3: 성명 | D3: 사번
A5: 구분 | B5: 보험사 | C5: 모집업적 | D5: 환산업적 | E5: 1차년 | H5: 2차년 | O5: 3차년 | Q5: 4차년 | V5: 합계 | W5: 비고
E6: 익월 | F6: 2~12회 분급 | G6: 7~12회 분급 | H6: 13회차 | I6: 13~14회차 분급 | J6: 13~15회차 분급 | K6: 13~16회차 분급 | L6: 13~24회차 분급 | M6: 14~24회차 분급 | N6: 25~35회차 분급 | O6: 25~36회차 분급 | P6: 36회차 | Q6: 37회 | R6: 37~42회차 분급 | S6: 37~48회차 분급 | T6: 38~120회차 분급 | U6: 37~240회차 분급
A7: 생명보험 | B7: KB라이프 | C7: =KB라이프!AK6 -> 0 | D7: =KB라이프!AL6 -> 0 | E7: =KB라이프!AM6 -> 0 | F7: =+KB라이프!AN6 -> 0 | H7: =+KB라이프!AO6 -> 0 | O7: =+KB라이프!BC6 -> 0 | S7: =+KB라이프!BP6 -> 0 | V7: =SUM(E7:U7) -> 0
B8: 미래에셋 | C8: =+미래에셋!DV6 -> 0 | D8: =+미래에셋!DW6 -> 0 | E8: =+미래에셋!DX6 -> 0 | G8: =+미래에셋!EE6 -> 0 | L8: =+미래에셋!ER6 -> 0 | O8: =+미래에셋!FE6 -> 0 | Q8: =+미래에셋!FF6 -> 0 | T8: =미래에셋!IL6 -> 0 | V8: =SUM(E8:U8) -> 0
B9: 삼성생명 | C9: =+삼성생명!AO6 -> 0 | D9: =+삼성생명!AP6 -> 0 | E9: =+삼성생명!AQ6 -> 0 | G9: =+삼성생명!AX6 -> 0 | L9: =+삼성생명!BK6 -> 0 | O9: =+삼성생명!BX6 -> 0 | U9: =+삼성생명!BY6 -> 0 | V9: =SUM(E9:U9) -> 0
B10: IM라이프 | C10: =+IM라이프!BF7 -> 0 | D10: =+IM라이프!BG7 -> 0 | E10: =+IM라이프!BH7 -> 0 | F10: =+IM라이프!BT7 -> 0 | L10: =+IM라이프!CG7 -> 0 | O10: =+IM라이프!CT7 -> 0 | S10: =+IM라이프!DG7 -> 0 | V10: =SUM(E10:U10) -> 0
B11: 교보생명 | C11: =+교보생명!AP6 -> 0 | D11: =+교보생명!AQ6 -> 0 | E11: =+교보생명!AR6 -> 0 | G11: =+교보생명!AY6 -> 0 | L11: =+교보생명!BL6 -> 0 | O11: =+교보생명!BY6 -> 0 | V11: =SUM(E11:U11) -> 0
B12: 한화생명(신규) | C12: =+한화생명!BC7 -> 0 | D12: =+한화생명!BD7 -> 0 | E12: =+한화생명!BE7 -> 0 | F12: =+한화생명!BQ7 -> 0 | H12: =+한화생명!BR7 -> 0 | M12: =+한화생명!CD7 -> 0 | N12: =+한화생명!CP7 -> 0 | P12: =+한화생명!CQ7 -> 0 | R12: =+한화생명!CX7 -> 0 | V12: =SUM(E12:U12) -> 0
A13: 생명보험 소계 | C13: =SUM(C7:C12) -> 0 | D13: =SUM(D7:D12) -> 0 | E13: =SUM(E7:E12) -> 0 | F13: =SUM(F7:F12) -> 0 | G13: =SUM(G7:G12) -> 0 | H13: =SUM(H7:H12) -> 0 | I13: =SUM(I7:I12) -> 0 | J13: =SUM(J7:J12) -> 0 | ... V13: =SUM(V7:V12) -> 0
A14: 손해보험 | B14: KB손해보험 | C14: =+KB손해보험!T6 -> 0 | D14: =+KB손해보험!U6 -> 0 | E14: =+KB손해보험!V6 -> 0 | G14: =+KB손해보험!AC6 -> 0 | J14: =+KB손해보험!AG6 -> 0 | V14: =SUM(E14:U14) -> 0
B15: 현대해상 | C15: =+현대해상!T6 -> 0 | D15: =+현대해상!U6 -> 0 | E15: =+현대해상!V6 -> 0 | G15: =+현대해상!AC6 -> 0 | J15: =+현대해상!AG6 -> 0 | V15: =SUM(E15:U15) -> 0
B16: 메리츠화재 | C16: =+메리츠화재!R6 -> 0 | D16: =+메리츠화재!S6 -> 0 | E16: =+메리츠화재!T6 -> 0 | G16: =+메리츠화재!AA6 -> 0 | I16: =+메리츠화재!AD6 -> 0 | V16: =SUM(E16:U16) -> 0
B17: DB손해보험 | C17: =+DB손해보험!T6 -> 0 | D17: =+DB손해보험!U6 -> 0 | E17: =+DB손해보험!V6 -> 0 | G17: =+DB손해보험!AC6 -> 0 | J17: =+DB손해보험!AG6 -> 0 | V17: =SUM(E17:U17) -> 0
B18: 한화손해보험 | C18: =+한화손해보험!V6 -> 0 | D18: =+한화손해보험!W6 -> 0 | E18: =+한화손해보험!X6 -> 0 | F18: =+한화손해보험!AJ6 -> 0 | I18: =+한화손해보험!AM6 -> 0 | V18: =SUM(E18:U18) -> 0
B19: 삼성화재 | C19: =+삼성화재!U6 -> 0 | D19: =+삼성화재!V6 -> 0 | E19: =+삼성화재!W6 -> 0 | G19: =+삼성화재!AD6 -> 0 | J19: =+삼성화재!AH6 -> 0 | V19: =SUM(E19:U19) -> 0
B20: 라이나손보 | C20: =+라이나손보!Z6 -> 0 | D20: =+라이나손보!AA6 -> 0 | E20: =+라이나손보!AB6 -> 0 | F20: =+라이나손보!AN6 -> 0 | K20: =+라이나손보!AR6 -> 0 | V20: =SUM(E20:U20) -> 0
A21: 손해보험 소계 | C21: =SUM(C14:C20) -> 0 | D21: =SUM(D14:D20) -> 0 | E21: =SUM(E14:E20) -> 0 | F21: =SUM(F14:F20) -> 0 | G21: =SUM(G14:G20) -> 0 | H21: =SUM(H14:H20) -> 0 | I21: =SUM(I14:I20) -> 0 | J21: =SUM(J14:J20) -> 0 | ... M21: =SUM(M14:M20) -> 0 | O21: =SUM(O14:O20) -> 0 | Q21: =SUM(Q14:Q20) -> 0 | S21: =SUM(S14:S20) -> 0 | U21: =SUM(U14:U20) -> 0 | V21: =SUM(E21:U21) -> 0
A22: 총계 | C22: =SUM(C21,C13) -> 0 | D22: =SUM(D21,D13) -> 0 | E22: =SUM(E21,E13) -> 0 | F22: =SUM(F21,F13) -> 0 | G22: =SUM(G21,G13) -> 0 | H22: =SUM(H21,H13) -> 0 | I22: =SUM(I21,I13) -> 0 | J22: =SUM(J21,J13) -> 0 | ... M22: =SUM(M21,M13) -> 0 | O22: =SUM(O21,O13) -> 0 | Q22: =SUM(Q21,Q13) -> 0 | S22: =SUM(S21,S13) -> 0 | U22: =SUM(U21,U13) -> 0 | V22: =SUM(E22:U22) -> 0
A24: ※ 유의사항 1. 본 양식은 내부 단순 참고용 자료이므로, 외부 유출을 절대 금합니다. 2. 산출된 금액은 세전 금액이며, 주계약을 기준으로 산출된 내용이므로 실지급액과 차이가 있을 수 있습니다. 3. 산출된 금액은 영업에 대한 커미션에 대해서만 산출되었으며, 시책의 경우 별도 산출 및 합산 필요합니다.

Sheet KB라이프
A1: [KB라이프] "상품별 MIP 比 지급률 예시"
A2: 1. 주계약의 보험료 기준 예시이며, 특약 부가 시 지급률 변동될 수 있음 | AK2: f
A3: 2. 회사 전체 업적 달성 구간, 실제 산출 대상 보험료 및 특약별 지급률, 제휴사 수수료 정책 등에 따라 변동될 수 있음
A4: 3. 보수 지급액 = 월납화 초회 보험료 x 지급률*(지급률 예시 참조)
A5: ※ 제휴사 전개 프로모션/시상은 본 예시에서 제외
AK6: =SUBTOTAL(9,AK12:AK162) -> 0 | AL6: =SUBTOTAL(9,AL12:AL162) -> 0 | AM6: =SUBTOTAL(9,AM12:AM162) -> 0 | AN6: =SUBTOTAL(9,AN12:AN162) -> 0 | AO6: =SUBTOTAL(9,AO12:AO162) -> 0 | AP6: =SUBTOTAL(9,AP12:AP162) -> 0 | AQ6: =SUBTOTAL(9,AQ12:AQ162) -> 0 | AR6: =SUBTOTAL(9,AR12:AR162) -> 0 | ... BQ6: =SUBTOTAL(9,BQ12:BQ162) -> 0
A7: 상품명 | B7: 납입기간 | C7: 가입금액 | D7: 특약구분 | E7: 환산율 | F7: 2025년 FC 수수료 | AM7: 수당확인 | BW7: 총량
F8: 0.6 | AK8: 모집업적 | AL8: 환산업적 | BW8: 월납화 보험료 x 하기 지급률
F9: 초년도 | H9: 2차년도 | V9: 3차년도 | AI9: 4차년도 | AJ9: FC계 | AK9: (월초P) | AM9: 초년도 | AO9: 2차년도 | BC9: 3차년도 | BP9: 4차년도 | BQ9: FC계 | BW9: 초년도 | BY9: 2차년도 | CA9: 3차년도 | CB9: 4차년도 | CC9: Total
F10: 익월 | G10: 2~12회차 | H10: 13회차 | I10: 14~24회차 | J10: 25회차 | K10: 26회 | L10: 27회 | M10: 28회 | N10: 29회 | O10: 30회 | P10: 31회 | Q10: 32회 | R10: 33회 | S10: 34회 | T10: 35회 | U10: 36회 | V10: 25~36회차 | W10: 37회 | X10: 38회 | Y10: 39회 | Z10: 40회 | AA10: 41회 | AB10: 42회 | AC10: 43회 | AD10: 44회 | AE10: 45회 | AF10: 46회 | AG10: 47회 | AH10: 48회 | AI10: 37~48회차 | AM10: 익월 | AN10: 2~12회차 | AO10: 13회차 | AP10: 14~24회차 | AQ10: 25회 | AR10: 26회 | AS10: 27회 | AT10: 28회 | AU10: 29회 | AV10: 30회 | AW10: 31회 | AX10: 32회 | AY10: 33회 | AZ10: 34회 | BA10: 35회 | BB10: 36회 | BC10: 25~36회차 | BD10: 37회 | BE10: 38회 | BF10: 39회 | BG10: 40회 | BH10: 41회 | BI10: 42회 | BJ10: 43회 | BK10: 44회 | BL10: 45회 | BM10: 46회 | BN10: 47회 | BO10: 48회 | BP10: 37~48회차 | BW10: 익월 | BX10: 2~12회차 | BY10: 13회차 | BZ10: 14~24회차 | CA10: 25~36회차 분급 | CB10: 37~48회차 분급
A12: KB 7년의약속 플러스 평생종신보험 무배당 (해약환급금 일부 지급형)(일반/간편심사형) | B12: 20년납 | C12: - | E12: =CC12/1200% -> 1.011225 | F12: =BW12*$F$8 -> 4.69674 | G12: =BX12*$F$8 -> 0 | H12: =BY12*$F$8 -> 1.81584 | I12: =BZ12*$F$8 -> 0 | J12: =+V12/12 -> 0.06402 | K12: =+J12 -> 0.06402 | L12: =+K12 -> 0.06402 | M12: =+L12 -> 0.06402 | N12: =+M12 -> 0.06402 | O12: =+N12 -> 0.06402 | P12: =+O12 -> 0.06402 | Q12: =+P12 -> 0.06402 | R12: =+Q12 -> 0.06402 | ... U12: =+T12 -> 0.06402 | V12: =CA12*$F$8 -> 0.76824 | W12: =+AI12/12 -> 0 | X12: =+W12 -> 0 | Y12: =+X12 -> 0 | Z12: =+Y12 -> 0 | AA12: =+Z12 -> 0 | AB12: =+AA12 -> 0 | AC12: =+AB12 -> 0 | AD12: =+AC12 -> 0 | AE12: =+AD12 -> 0 | ... AH12: =+AG12 -> 0 | AI12: =CB12*$F$8 -> 0 | AJ12: =CC12*$F$8 -> 7.28082 | AL12: =+ROUNDDOWN($AK12*E12,-1) -> 0 | AM12: =+ROUNDDOWN($AK12*F12,-1) -> 0 | AN12: =+ROUNDDOWN($AK12*G12,-1) -> 0 | AO12: =+ROUNDDOWN($AK12*H12,-1) -> 0 | AP12: =+ROUNDDOWN($AK12*I12,-1) -> 0 | AQ12: =+ROUNDDOWN($AK12*J12,-1) -> 0 | AR12: =+ROUNDDOWN($AK12*K12,-1) -> 0 | AS12: =+ROUNDDOWN($AK12*L12,-1) -> 0 | ... BP12: =+ROUNDDOWN($AK12*AI12,-1) -> 0 | BQ12: =SUM(AM12,AO12,BC12,BP12) -> 0 | BW12: 7.8279 | BX12: 0 | BY12: 3.0264 | BZ12: 0 | CA12: 1.2804 | CB12: 0 | CC12: 12.1347
A13: KB 약속플러스종신보험(해약환급금 일부지급형) | B13: 5년납 | C13: - | E13: =CC13/1200% -> 0.404975 | F13: =BW13*$F$8 -> 1.76346 | G13: =BX13*$F$8 -> 0 | H13: =BY13*$F$8 -> 0.62856 | I13: =BZ13*$F$8 -> 0 | J13: =+V13/12 -> 0.04365 | K13: =+J13 -> 0.04365 | L13: =+K13 -> 0.04365 | M13: =+L13 -> 0.04365 | N13: =+M13 -> 0.04365 | O13: =+N13 -> 0.04365 | P13: =+O13 -> 0.04365 | Q13: =+P13 -> 0.04365 | R13: =+Q13 -> 0.04365 | ... U13: =+T13 -> 0.04365 | V13: =CA13*$F$8 -> 0.5238 | W13: =+AI13/12 -> 0 | X13: =+W13 -> 0 | Y13: =+X13 -> 0 | Z13: =+Y13 -> 0 | AA13: =+Z13 -> 0 | AB13: =+AA13 -> 0 | AC13: =+AB13 -> 0 | AD13: =+AC13 -> 0 | AE13: =+AD13 -> 0 | ... AH13: =+AG13 -> 0 | AI13: =CB13*$F$8 -> 0 | AJ13: =CC13*$F$8 -> 2.91582 | AL13: =+ROUNDDOWN($AK13*E13,-1) -> 0 | AM13: =+ROUNDDOWN($AK13*F13,-1) -> 0 | AN13: =+ROUNDDOWN($AK13*G13,-1) -> 0 | AO13: =+ROUNDDOWN($AK13*H13,-1) -> 0 | AP13: =+ROUNDDOWN($AK13*I13,-1) -> 0 | AQ13: =+ROUNDDOWN($AK13*J13,-1) -> 0 | AR13: =+ROUNDDOWN($AK13*K13,-1) -> 0 | AS13: =+ROUNDDOWN($AK13*L13,-1) -> 0 | ... BP13: =+ROUNDDOWN($AK13*AI13,-1) -> 0 | BQ13: =SUM(AM13,AO13,BC13,BP13) -> 0 | BW13: 2.9391 | BX13: 0 | BY13: 1.0476 | BZ13: 0 | CA13: 0.873 | CB13: 0 | CC13: 4.8597
B14: 7년납 | C14: - | E14: =CC14/1200% -> 0.56745 | F14: =BW14*$F$8 -> 2.04282 | G14: =BX14*$F$8 -> 0 | H14: =BY14*$F$8 -> 1.16982 | I14: =BZ14*$F$8 -> 0 | J14: =+V14/12 -> 0.07275 | K14: =+J14 -> 0.07275 | L14: =+K14 -> 0.07275 | M14: =+L14 -> 0.07275 | N14: =+M14 -> 0.07275 | O14: =+N14 -> 0.07275 | P14: =+O14 -> 0.07275 | Q14: =+P14 -> 0.07275 | R14: =+Q14 -> 0.07275 | ... U14: =+T14 -> 0.07275 | V14: =CA14*$F$8 -> 0.873 | W14: =+AI14/12 -> 0 | X14: =+W14 -> 0 | Y14: =+X14 -> 0 | Z14: =+Y14 -> 0 | AA14: =+Z14 -> 0 | AB14: =+AA14 -> 0 | AC14: =+AB14 -> 0 | AD14: =+AC14 -> 0 | AE14: =+AD14 -> 0 | ... AH14: =+AG14 -> 0 | AI14: =CB14*$F$8 -> 0 | AJ14: =CC14*$F$8 -> 4.08564 | AL14: =+ROUNDDOWN($AK14*E14,-1) -> 0 | AM14: =+ROUNDDOWN($AK14*F14,-1) -> 0 | AN14: =+ROUNDDOWN($AK14*G14,-1) -> 0 | AO14: =+ROUNDDOWN($AK14*H14,-1) -> 0 | AP14: =+ROUNDDOWN($AK14*I14,-1) -> 0 | AQ14: =+ROUNDDOWN($AK14*J14,-1) -> 0 | AR14: =+ROUNDDOWN($AK14*K14,-1) -> 0 | AS14: =+ROUNDDOWN($AK14*L14,-1) -> 0 | ... BP14: =+ROUNDDOWN($AK14*AI14,-1) -> 0 | BQ14: =SUM(AM14,AO14,BC14,BP14) -> 0 | BW14: 3.4047 | BX14: 0 | BY14: 1.9497 | BZ14: 0 | CA14: 1.455 | CB14: 0 | CC14: 6.8094
B15: 10년납 | C15: - | E15: =CC15/1200% -> 0.80995 | F15: =BW15*$F$8 -> 2.39202 | G15: =BX15*$F$8 -> 0 | H15: =BY15*$F$8 -> 2.04282 | I15: =BZ15*$F$8 -> 0 | J15: =+V15/12 -> 0.1164 | K15: =+J15 -> 0.1164 | L15: =+K15 -> 0.1164 | M15: =+L15 -> 0.1164 | N15: =+M15 -> 0.1164 | O15: =+N15 -> 0.1164 | P15: =+O15 -> 0.1164 | Q15: =+P15 -> 0.1164 | R15: =+Q15 -> 0.1164 | ... U15: =+T15 -> 0.1164 | V15: =CA15*$F$8 -> 1.3968 | W15: =+AI15/12 -> 0 | X15: =+W15 -> 0 | Y15: =+X15 -> 0 | Z15: =+Y15 -> 0 | AA15: =+Z15 -> 0 | AB15: =+AA15 -> 0 | AC15: =+AB15 -> 0 | AD15: =+AC15 -> 0 | AE15: =+AD15 -> 0 | ... AH15: =+AG15 -> 0 | AI15: =CB15*$F$8 -> 0 | AJ15: =CC15*$F$8 -> 5.83164 | AL15: =+ROUNDDOWN($AK15*E15,-1) -> 0 | AM15: =+ROUNDDOWN($AK15*F15,-1) -> 0 | AN15: =+ROUNDDOWN($AK15*G15,-1) -> 0 | AO15: =+ROUNDDOWN($AK15*H15,-1) -> 0 | AP15: =+ROUNDDOWN($AK15*I15,-1) -> 0 | AQ15: =+ROUNDDOWN($AK15*J15,-1) -> 0 | AR15: =+ROUNDDOWN($AK15*K15,-1) -> 0 | AS15: =+ROUNDDOWN($AK15*L15,-1) -> 0 | ... BP15: =+ROUNDDOWN($AK15*AI15,-1) -> 0 | BQ15: =SUM(AM15,AO15,BC15,BP15) -> 0 | BW15: 3.9867 | BX15: 0 | BY15: 3.4047 | BZ15: 0 | CA15: 2.328 | CB15: 0 | CC15: 9.7194
A16: KB 라이프 파트너 종신보험 무배당(해약환급금 일부지급형) | B16: 5년납 | C16: 1천만원이상 | E16: =CC16/1200% -> 0.4656 | F16: =BW16*$F$8 -> 2.7936 | G16: =BX16*$F$8 -> 0 | H16: =BY16*$F$8 -> 0.27936 | I16: =BZ16*$F$8 -> 0 | J16: =+V16/12 -> 0.02328 | K16: =+J16 -> 0.02328 | L16: =+K16 -> 0.02328 | M16: =+L16 -> 0.02328 | N16: =+M16 -> 0.02328 | O16: =+N16 -> 0.02328 | P16: =+O16 -> 0.02328 | Q16: =+P16 -> 0.02328 | R16: =+Q16 -> 0.02328 | ... U16: =+T16 -> 0.02328 | V16: =CA16*$F$8 -> 0.27936 | W16: =+AI16/12 -> 0 | X16: =+W16 -> 0 | Y16: =+X16 -> 0 | Z16: =+Y16 -> 0 | AA16: =+Z16 -> 0 | AB16: =+AA16 -> 0 | AC16: =+AB16 -> 0 | AD16: =+AC16 -> 0 | AE16: =+AD16 -> 0 | ... AH16: =+AG16 -> 0 | AI16: =CB16*$F$8 -> 0 | AJ16: =CC16*$F$8 -> 3.35232 | AL16: =+ROUNDDOWN($AK16*E16,-1) -> 0 | AM16: =+ROUNDDOWN($AK16*F16,-1) -> 0 | AN16: =+ROUNDDOWN($AK16*G16,-1) -> 0 | AO16: =+ROUNDDOWN($AK16*H16,-1) -> 0 | AP16: =+ROUNDDOWN($AK16*I16,-1) -> 0 | AQ16: =+ROUNDDOWN($AK16*J16,-1) -> 0 | AR16: =+ROUNDDOWN($AK16*K16,-1) -> 0 | AS16: =+ROUNDDOWN($AK16*L16,-1) -> 0 | ... BP16: =+ROUNDDOWN($AK16*AI16,-1) -> 0 | BQ16: =SUM(AM16,AO16,BC16,BP16) -> 0 | BW16: 4.656 | BX16: 0 | BY16: 0.4656 | BZ16: 0 | CA16: 0.4656 | CB16: 0 | CC16: 5.5872
C17: 3천만원이상 | E17: =CC17/1200% -> 0.5238 | F17: =BW17*$F$8 -> 3.1428 | G17: =BX17*$F$8 -> 0 | H17: =BY17*$F$8 -> 0.31428 | I17: =BZ17*$F$8 -> 0 | J17: =+V17/12 -> 0.02619 | K17: =+J17 -> 0.02619 | L17: =+K17 -> 0.02619 | M17: =+L17 -> 0.02619 | N17: =+M17 -> 0.02619 | O17: =+N17 -> 0.02619 | P17: =+O17 -> 0.02619 | Q17: =+P17 -> 0.02619 | R17: =+Q17 -> 0.02619 | ... U17: =+T17 -> 0.02619 | V17: =CA17*$F$8 -> 0.31428 | W17: =+AI17/12 -> 0 | X17: =+W17 -> 0 | Y17: =+X17 -> 0 | Z17: =+Y17 -> 0 | AA17: =+Z17 -> 0 | AB17: =+AA17 -> 0 | AC17: =+AB17 -> 0 | AD17: =+AC17 -> 0 | AE17: =+AD17 -> 0 | ... AH17: =+AG17 -> 0 | AI17: =CB17*$F$8 -> 0 | AJ17: =CC17*$F$8 -> 3.77136 | AL17: =+ROUNDDOWN($AK17*E17,-1) -> 0 | AM17: =+ROUNDDOWN($AK17*F17,-1) -> 0 | AN17: =+ROUNDDOWN($AK17*G17,-1) -> 0 | AO17: =+ROUNDDOWN($AK17*H17,-1) -> 0 | AP17: =+ROUNDDOWN($AK17*I17,-1) -> 0 | AQ17: =+ROUNDDOWN($AK17*J17,-1) -> 0 | AR17: =+ROUNDDOWN($AK17*K17,-1) -> 0 | AS17: =+ROUNDDOWN($AK17*L17,-1) -> 0 | ... BP17: =+ROUNDDOWN($AK17*AI17,-1) -> 0 | BQ17: =SUM(AM17,AO17,BC17,BP17) -> 0 | BW17: 5.238 | BX17: 0 | BY17: 0.5238 | BZ17: 0 | CA17: 0.5238 | CB17: 0 | CC17: 6.2856
C18: 5천만원이상 | E18: =CC18/1200% -> 0.582 | F18: =BW18*$F$8 -> 3.492 | G18: =BX18*$F$8 -> 0 | H18: =BY18*$F$8 -> 0.3492 | I18: =BZ18*$F$8 -> 0 | J18: =+V18/12 -> 0.0291 | K18: =+J18 -> 0.0291 | L18: =+K18 -> 0.0291 | M18: =+L18 -> 0.0291 | N18: =+M18 -> 0.0291 | O18: =+N18 -> 0.0291 | P18: =+O18 -> 0.0291 | Q18: =+P18 -> 0.0291 | R18: =+Q18 -> 0.0291 | ... U18: =+T18 -> 0.0291 | V18: =CA18*$F$8 -> 0.3492 | W18: =+AI18/12 -> 0 | X18: =+W18 -> 0 | Y18: =+X18 -> 0 | Z18: =+Y18 -> 0 | AA18: =+Z18 -> 0 | AB18: =+AA18 -> 0 | AC18: =+AB18 -> 0 | AD18: =+AC18 -> 0 | AE18: =+AD18 -> 0 | ... AH18: =+AG18 -> 0 | AI18: =CB18*$F$8 -> 0 | AJ18: =CC18*$F$8 -> 4.1904 | AL18: =+ROUNDDOWN($AK18*E18,-1) -> 0 | AM18: =+ROUNDDOWN($AK18*F18,-1) -> 0 | AN18: =+ROUNDDOWN($AK18*G18,-1) -> 0 | AO18: =+ROUNDDOWN($AK18*H18,-1) -> 0 | AP18: =+ROUNDDOWN($AK18*I18,-1) -> 0 | AQ18: =+ROUNDDOWN($AK18*J18,-1) -> 0 | AR18: =+ROUNDDOWN($AK18*K18,-1) -> 0 | AS18: =+ROUNDDOWN($AK18*L18,-1) -> 0 | ... BP18: =+ROUNDDOWN($AK18*AI18,-1) -> 0 | BQ18: =SUM(AM18,AO18,BC18,BP18) -> 0 | BW18: 5.82 | BX18: 0 | BY18: 0.582 | BZ18: 0 | CA18: 0.582 | CB18: 0 | CC18: 6.984
B19: 7년납 | C19: 1천만원이상 | E19: =CC19/1200% -> 0.4656 | F19: =BW19*$F$8 -> 2.7936 | G19: =BX19*$F$8 -> 0 | H19: =BY19*$F$8 -> 0.27936 | I19: =BZ19*$F$8 -> 0 | J19: =+V19/12 -> 0.02328 | K19: =+J19 -> 0.02328 | L19: =+K19 -> 0.02328 | M19: =+L19 -> 0.02328 | N19: =+M19 -> 0.02328 | O19: =+N19 -> 0.02328 | P19: =+O19 -> 0.02328 | Q19: =+P19 -> 0.02328 | R19: =+Q19 -> 0.02328 | ... U19: =+T19 -> 0.02328 | V19: =CA19*$F$8 -> 0.27936 | W19: =+AI19/12 -> 0 | X19: =+W19 -> 0 | Y19: =+X19 -> 0 | Z19: =+Y19 -> 0 | AA19: =+Z19 -> 0 | AB19: =+AA19 -> 0 | AC19: =+AB19 -> 0 | AD19: =+AC19 -> 0 | AE19: =+AD19 -> 0 | ... AH19: =+AG19 -> 0 | AI19: =CB19*$F$8 -> 0 | AJ19: =CC19*$F$8 -> 3.35232 | AL19: =+ROUNDDOWN($AK19*E19,-1) -> 0 | AM19: =+ROUNDDOWN($AK19*F19,-1) -> 0 | AN19: =+ROUNDDOWN($AK19*G19,-1) -> 0 | AO19: =+ROUNDDOWN($AK19*H19,-1) -> 0 | AP19: =+ROUNDDOWN($AK19*I19,-1) -> 0 | AQ19: =+ROUNDDOWN($AK19*J19,-1) -> 0 | AR19: =+ROUNDDOWN($AK19*K19,-1) -> 0 | AS19: =+ROUNDDOWN($AK19*L19,-1) -> 0 | ... BP19: =+ROUNDDOWN($AK19*AI19,-1) -> 0 | BQ19: =SUM(AM19,AO19,BC19,BP19) -> 0 | BW19: 4.656 | BX19: 0 | BY19: 0.4656 | BZ19: 0 | CA19: 0.4656 | CB19: 0 | CC19: 5.5872
C20: 3천만원이상 | E20: =CC20/1200% -> 0.5238 | F20: =BW20*$F$8 -> 3.1428 | G20: =BX20*$F$8 -> 0 | H20: =BY20*$F$8 -> 0.31428 | I20: =BZ20*$F$8 -> 0 | J20: =+V20/12 -> 0.02619 | K20: =+J20 -> 0.02619 | L20: =+K20 -> 0.02619 | M20: =+L20 -> 0.02619 | N20: =+M20 -> 0.02619 | O20: =+N20 -> 0.02619 | P20: =+O20 -> 0.02619 | Q20: =+P20 -> 0.02619 | R20: =+Q20 -> 0.02619 | ... U20: =+T20 -> 0.02619 | V20: =CA20*$F$8 -> 0.31428 | W20: =+AI20/12 -> 0 | X20: =+W20 -> 0 | Y20: =+X20 -> 0 | Z20: =+Y20 -> 0 | AA20: =+Z20 -> 0 | AB20: =+AA20 -> 0 | AC20: =+AB20 -> 0 | AD20: =+AC20 -> 0 | AE20: =+AD20 -> 0 | ... AH20: =+AG20 -> 0 | AI20: =CB20*$F$8 -> 0 | AJ20: =CC20*$F$8 -> 3.77136 | AL20: =+ROUNDDOWN($AK20*E20,-1) -> 0 | AM20: =+ROUNDDOWN($AK20*F20,-1) -> 0 | AN20: =+ROUNDDOWN($AK20*G20,-1) -> 0 | AO20: =+ROUNDDOWN($AK20*H20,-1) -> 0 | AP20: =+ROUNDDOWN($AK20*I20,-1) -> 0 | AQ20: =+ROUNDDOWN($AK20*J20,-1) -> 0 | AR20: =+ROUNDDOWN($AK20*K20,-1) -> 0 | AS20: =+ROUNDDOWN($AK20*L20,-1) -> 0 | ... BP20: =+ROUNDDOWN($AK20*AI20,-1) -> 0 | BQ20: =SUM(AM20,AO20,BC20,BP20) -> 0 | BW20: 5.238 | BX20: 0 | BY20: 0.5238 | BZ20: 0 | CA20: 0.5238 | CB20: 0 | CC20: 6.2856
C21: 5천만원이상 | E21: =CC21/1200% -> 0.582 | F21: =BW21*$F$8 -> 3.492 | G21: =BX21*$F$8 -> 0 | H21: =BY21*$F$8 -> 0.3492 | I21: =BZ21*$F$8 -> 0 | J21: =+V21/12 -> 0.0291 | K21: =+J21 -> 0.0291 | L21: =+K21 -> 0.0291 | M21: =+L21 -> 0.0291 | N21: =+M21 -> 0.0291 | O21: =+N21 -> 0.0291 | P21: =+O21 -> 0.0291 | Q21: =+P21 -> 0.0291 | R21: =+Q21 -> 0.0291 | ... U21: =+T21 -> 0.0291 | V21: =CA21*$F$8 -> 0.3492 | W21: =+AI21/12 -> 0 | X21: =+W21 -> 0 | Y21: =+X21 -> 0 | Z21: =+Y21 -> 0 | AA21: =+Z21 -> 0 | AB21: =+AA21 -> 0 | AC21: =+AB21 -> 0 | AD21: =+AC21 -> 0 | AE21: =+AD21 -> 0 | ... AH21: =+AG21 -> 0 | AI21: =CB21*$F$8 -> 0 | AJ21: =CC21*$F$8 -> 4.1904 | AL21: =+ROUNDDOWN($AK21*E21,-1) -> 0 | AM21: =+ROUNDDOWN($AK21*F21,-1) -> 0 | AN21: =+ROUNDDOWN($AK21*G21,-1) -> 0 | AO21: =+ROUNDDOWN($AK21*H21,-1) -> 0 | AP21: =+ROUNDDOWN($AK21*I21,-1) -> 0 | AQ21: =+ROUNDDOWN($AK21*J21,-1) -> 0 | AR21: =+ROUNDDOWN($AK21*K21,-1) -> 0 | AS21: =+ROUNDDOWN($AK21*L21,-1) -> 0 | ... BP21: =+ROUNDDOWN($AK21*AI21,-1) -> 0 | BQ21: =SUM(AM21,AO21,BC21,BP21) -> 0 | BW21: 5.82 | BX21: 0 | BY21: 0.582 | BZ21: 0 | CA21: 0.582 | CB21: 0 | CC21: 6.984
B22: 10년납 | C22: 1천만원이상 | E22: =CC22/1200% -> 0.744475 | F22: =BW22*$F$8 -> 4.12056 | G22: =BX22*$F$8 -> 0 | H22: =BY22*$F$8 -> 0.94284 | I22: =BZ22*$F$8 -> 0 | J22: =+V22/12 -> 0.024735 | K22: =+J22 -> 0.024735 | L22: =+K22 -> 0.024735 | M22: =+L22 -> 0.024735 | N22: =+M22 -> 0.024735 | O22: =+N22 -> 0.024735 | P22: =+O22 -> 0.024735 | Q22: =+P22 -> 0.024735 | R22: =+Q22 -> 0.024735 | ... U22: =+T22 -> 0.024735 | V22: =CA22*$F$8 -> 0.29682 | W22: =+AI22/12 -> 0 | X22: =+W22 -> 0 | Y22: =+X22 -> 0 | Z22: =+Y22 -> 0 | AA22: =+Z22 -> 0 | AB22: =+AA22 -> 0 | AC22: =+AB22 -> 0 | AD22: =+AC22 -> 0 | AE22: =+AD22 -> 0 | ... AH22: =+AG22 -> 0 | AI22: =CB22*$F$8 -> 0 | AJ22: =CC22*$F$8 -> 5.36022 | AL22: =+ROUNDDOWN($AK22*E22,-1) -> 0 | AM22: =+ROUNDDOWN($AK22*F22,-1) -> 0 | AN22: =+ROUNDDOWN($AK22*G22,-1) -> 0 | AO22: =+ROUNDDOWN($AK22*H22,-1) -> 0 | AP22: =+ROUNDDOWN($AK22*I22,-1) -> 0 | AQ22: =+ROUNDDOWN($AK22*J22,-1) -> 0 | AR22: =+ROUNDDOWN($AK22*K22,-1) -> 0 | AS22: =+ROUNDDOWN($AK22*L22,-1) -> 0 | ... BP22: =+ROUNDDOWN($AK22*AI22,-1) -> 0 | BQ22: =SUM(AM22,AO22,BC22,BP22) -> 0 | BW22: 6.8676 | BX22: 0 | BY22: 1.5714 | BZ22: 0 | CA22: 0.4947 | CB22: 0 | CC22: 8.9337
C23: 3천만원이상 | E23: =CC23/1200% -> 0.83905 | F23: =BW23*$F$8 -> 4.64436 | G23: =BX23*$F$8 -> 0 | H23: =BY23*$F$8 -> 1.06506 | I23: =BZ23*$F$8 -> 0 | J23: =+V23/12 -> 0.027645 | K23: =+J23 -> 0.027645 | L23: =+K23 -> 0.027645 | M23: =+L23 -> 0.027645 | N23: =+M23 -> 0.027645 | O23: =+N23 -> 0.027645 | P23: =+O23 -> 0.027645 | Q23: =+P23 -> 0.027645 | R23: =+Q23 -> 0.027645 | ... U23: =+T23 -> 0.027645 | V23: =CA23*$F$8 -> 0.33174 | W23: =+AI23/12 -> 0 | X23: =+W23 -> 0 | Y23: =+X23 -> 0 | Z23: =+Y23 -> 0 | AA23: =+Z23 -> 0 | AB23: =+AA23 -> 0 | AC23: =+AB23 -> 0 | AD23: =+AC23 -> 0 | AE23: =+AD23 -> 0 | ... AH23: =+AG23 -> 0 | AI23: =CB23*$F$8 -> 0 | AJ23: =CC23*$F$8 -> 6.04116 | AL23: =+ROUNDDOWN($AK23*E23,-1) -> 0 | AM23: =+ROUNDDOWN($AK23*F23,-1) -> 0 | AN23: =+ROUNDDOWN($AK23*G23,-1) -> 0 | AO23: =+ROUNDDOWN($AK23*H23,-1) -> 0 | AP23: =+ROUNDDOWN($AK23*I23,-1) -> 0 | AQ23: =+ROUNDDOWN($AK23*J23,-1) -> 0 | AR23: =+ROUNDDOWN($AK23*K23,-1) -> 0 | AS23: =+ROUNDDOWN($AK23*L23,-1) -> 0 | ... BP23: =+ROUNDDOWN($AK23*AI23,-1) -> 0 | BQ23: =SUM(AM23,AO23,BC23,BP23) -> 0 | BW23: 7.7406 | BX23: 0 | BY23: 1.7751 | BZ23: 0 | CA23: 0.5529 | CB23: 0 | CC23: 10.0686
C24: 5천만원이상 | E24: =CC24/1200% -> 0.933625 | F24: =BW24*$F$8 -> 5.16816 | G24: =BX24*$F$8 -> 0 | H24: =BY24*$F$8 -> 1.18728 | I24: =BZ24*$F$8 -> 0 | J24: =+V24/12 -> 0.030555 | K24: =+J24 -> 0.030555 | L24: =+K24 -> 0.030555 | M24: =+L24 -> 0.030555 | N24: =+M24 -> 0.030555 | O24: =+N24 -> 0.030555 | P24: =+O24 -> 0.030555 | Q24: =+P24 -> 0.030555 | R24: =+Q24 -> 0.030555 | ... U24: =+T24 -> 0.030555 | V24: =CA24*$F$8 -> 0.36666 | W24: =+AI24/12 -> 0 | X24: =+W24 -> 0 | Y24: =+X24 -> 0 | Z24: =+Y24 -> 0 | AA24: =+Z24 -> 0 | AB24: =+AA24 -> 0 | AC24: =+AB24 -> 0 | AD24: =+AC24 -> 0 | AE24: =+AD24 -> 0 | ... AH24: =+AG24 -> 0 | AI24: =CB24*$F$8 -> 0 | AJ24: =CC24*$F$8 -> 6.7221 | AL24: =+ROUNDDOWN($AK24*E24,-1) -> 0 | AM24: =+ROUNDDOWN($AK24*F24,-1) -> 0 | AN24: =+ROUNDDOWN($AK24*G24,-1) -> 0 | AO24: =+ROUNDDOWN($AK24*H24,-1) -> 0 | AP24: =+ROUNDDOWN($AK24*I24,-1) -> 0 | AQ24: =+ROUNDDOWN($AK24*J24,-1) -> 0 | AR24: =+ROUNDDOWN($AK24*K24,-1) -> 0 | AS24: =+ROUNDDOWN($AK24*L24,-1) -> 0 | ... BP24: =+ROUNDDOWN($AK24*AI24,-1) -> 0 | BQ24: =SUM(AM24,AO24,BC24,BP24) -> 0 | BW24: 8.6136 | BX24: 0 | BY24: 1.9788 | BZ24: 0 | CA24: 0.6111 | CB24: 0 | CC24: 11.2035
B25: 12년납 | C25: 1천만원이상 | E25: =CC25/1200% -> 0.8827 | F25: =BW25*$F$8 -> 4.22532 | G25: =BX25*$F$8 -> 0 | H25: =BY25*$F$8 -> 1.51902 | I25: =BZ25*$F$8 -> 0 | J25: =+V25/12 -> 0.050925 | K25: =+J25 -> 0.050925 | L25: =+K25 -> 0.050925 | M25: =+L25 -> 0.050925 | N25: =+M25 -> 0.050925 | O25: =+N25 -> 0.050925 | P25: =+O25 -> 0.050925 | Q25: =+P25 -> 0.050925 | R25: =+Q25 -> 0.050925 | ... U25: =+T25 -> 0.050925 | V25: =CA25*$F$8 -> 0.6111 | W25: =+AI25/12 -> 0 | X25: =+W25 -> 0 | Y25: =+X25 -> 0 | Z25: =+Y25 -> 0 | AA25: =+Z25 -> 0 | AB25: =+AA25 -> 0 | AC25: =+AB25 -> 0 | AD25: =+AC25 -> 0 | AE25: =+AD25 -> 0 | ... AH25: =+AG25 -> 0 | AI25: =CB25*$F$8 -> 0 | AJ25: =CC25*$F$8 -> 6.35544 | AL25: =+ROUNDDOWN($AK25*E25,-1) -> 0 | AM25: =+ROUNDDOWN($AK25*F25,-1) -> 0 | AN25: =+ROUNDDOWN($AK25*G25,-1) -> 0 | AO25: =+ROUNDDOWN($AK25*H25,-1) -> 0 | AP25: =+ROUNDDOWN($AK25*I25,-1) -> 0 | AQ25: =+ROUNDDOWN($AK25*J25,-1) -> 0 | AR25: =+ROUNDDOWN($AK25*K25,-1) -> 0 | AS25: =+ROUNDDOWN($AK25*L25,-1) -> 0 | ... BP25: =+ROUNDDOWN($AK25*AI25,-1) -> 0 | BQ25: =SUM(AM25,AO25,BC25,BP25) -> 0 | BW25: 7.0422 | BX25: 0 | BY25: 2.5317 | BZ25: 0 | CA25: 1.0185 | CB25: 0 | CC25: 10.5924
C26: 3천만원이상 | E26: =CC26/1200% -> 0.991825 | F26: =BW26*$F$8 -> 4.74912 | G26: =BX26*$F$8 -> 0 | H26: =BY26*$F$8 -> 1.71108 | I26: =BZ26*$F$8 -> 0 | J26: =+V26/12 -> 0.056745 | K26: =+J26 -> 0.056745 | L26: =+K26 -> 0.056745 | M26: =+L26 -> 0.056745 | N26: =+M26 -> 0.056745 | O26: =+N26 -> 0.056745 | P26: =+O26 -> 0.056745 | Q26: =+P26 -> 0.056745 | R26: =+Q26 -> 0.056745 | ... U26: =+T26 -> 0.056745 | V26: =CA26*$F$8 -> 0.68094 | W26: =+AI26/12 -> 0 | X26: =+W26 -> 0 | Y26: =+X26 -> 0 | Z26: =+Y26 -> 0 | AA26: =+Z26 -> 0 | AB26: =+AA26 -> 0 | AC26: =+AB26 -> 0 | AD26: =+AC26 -> 0 | AE26: =+AD26 -> 0 | ... AH26: =+AG26 -> 0 | AI26: =CB26*$F$8 -> 0 | AJ26: =CC26*$F$8 -> 7.14114 | AL26: =+ROUNDDOWN($AK26*E26,-1) -> 0 | AM26: =+ROUNDDOWN($AK26*F26,-1) -> 0 | AN26: =+ROUNDDOWN($AK26*G26,-1) -> 0 | AO26: =+ROUNDDOWN($AK26*H26,-1) -> 0 | AP26: =+ROUNDDOWN($AK26*I26,-1) -> 0 | AQ26: =+ROUNDDOWN($AK26*J26,-1) -> 0 | AR26: =+ROUNDDOWN($AK26*K26,-1) -> 0 | AS26: =+ROUNDDOWN($AK26*L26,-1) -> 0 | ... BP26: =+ROUNDDOWN($AK26*AI26,-1) -> 0 | BQ26: =SUM(AM26,AO26,BC26,BP26) -> 0 | BW26: 7.9152 | BX26: 0 | BY26: 2.8518 | BZ26: 0 | CA26: 1.1349 | CB26: 0 | CC26: 11.9019
C27: 5천만원이상 | E27: =CC27/1200% -> 1.1058 | F27: =BW27*$F$8 -> 5.29038 | G27: =BX27*$F$8 -> 0 | H27: =BY27*$F$8 -> 1.90314 | I27: =BZ27*$F$8 -> 0 | J27: =+V27/12 -> 0.06402 | K27: =+J27 -> 0.06402 | L27: =+K27 -> 0.06402 | M27: =+L27 -> 0.06402 | N27: =+M27 -> 0.06402 | O27: =+N27 -> 0.06402 | P27: =+O27 -> 0.06402 | Q27: =+P27 -> 0.06402 | R27: =+Q27 -> 0.06402 | ... U27: =+T27 -> 0.06402 | V27: =CA27*$F$8 -> 0.76824 | W27: =+AI27/12 -> 0 | X27: =+W27 -> 0 | Y27: =+X27 -> 0 | Z27: =+Y27 -> 0 | AA27: =+Z27 -> 0 | AB27: =+AA27 -> 0 | AC27: =+AB27 -> 0 | AD27: =+AC27 -> 0 | AE27: =+AD27 -> 0 | ... AH27: =+AG27 -> 0 | AI27: =CB27*$F$8 -> 0 | AJ27: =CC27*$F$8 -> 7.96176 | AL27: =+ROUNDDOWN($AK27*E27,-1) -> 0 | AM27: =+ROUNDDOWN($AK27*F27,-1) -> 0 | AN27: =+ROUNDDOWN($AK27*G27,-1) -> 0 | AO27: =+ROUNDDOWN($AK27*H27,-1) -> 0 | AP27: =+ROUNDDOWN($AK27*I27,-1) -> 0 | AQ27: =+ROUNDDOWN($AK27*J27,-1) -> 0 | AR27: =+ROUNDDOWN($AK27*K27,-1) -> 0 | AS27: =+ROUNDDOWN($AK27*L27,-1) -> 0 | ... BP27: =+ROUNDDOWN($AK27*AI27,-1) -> 0 | BQ27: =SUM(AM27,AO27,BC27,BP27) -> 0 | BW27: 8.8173 | BX27: 0 | BY27: 3.1719 | BZ27: 0 | CA27: 1.2804 | CB27: 0 | CC27: 13.2696
B28: 15년납 | C28: 1천만원이상 | E28: =CC28/1200% -> 1.020925 | F28: =BW28*$F$8 -> 4.33008 | G28: =BX28*$F$8 -> 0 | H28: =BY28*$F$8 -> 2.0952 | I28: =BZ28*$F$8 -> 0 | J28: =+V28/12 -> 0.077115 | K28: =+J28 -> 0.077115 | L28: =+K28 -> 0.077115 | M28: =+L28 -> 0.077115 | N28: =+M28 -> 0.077115 | O28: =+N28 -> 0.077115 | P28: =+O28 -> 0.077115 | Q28: =+P28 -> 0.077115 | R28: =+Q28 -> 0.077115 | ... U28: =+T28 -> 0.077115 | V28: =CA28*$F$8 -> 0.92538 | W28: =+AI28/12 -> 0 | X28: =+W28 -> 0 | Y28: =+X28 -> 0 | Z28: =+Y28 -> 0 | AA28: =+Z28 -> 0 | AB28: =+AA28 -> 0 | AC28: =+AB28 -> 0 | AD28: =+AC28 -> 0 | AE28: =+AD28 -> 0 | ... AH28: =+AG28 -> 0 | AI28: =CB28*$F$8 -> 0 | AJ28: =CC28*$F$8 -> 7.35066 | AL28: =+ROUNDDOWN($AK28*E28,-1) -> 0 | AM28: =+ROUNDDOWN($AK28*F28,-1) -> 0 | AN28: =+ROUNDDOWN($AK28*G28,-1) -> 0 | AO28: =+ROUNDDOWN($AK28*H28,-1) -> 0 | AP28: =+ROUNDDOWN($AK28*I28,-1) -> 0 | AQ28: =+ROUNDDOWN($AK28*J28,-1) -> 0 | AR28: =+ROUNDDOWN($AK28*K28,-1) -> 0 | AS28: =+ROUNDDOWN($AK28*L28,-1) -> 0 | ... BP28: =+ROUNDDOWN($AK28*AI28,-1) -> 0 | BQ28: =SUM(AM28,AO28,BC28,BP28) -> 0 | BW28: 7.2168 | BX28: 0 | BY28: 3.492 | BZ28: 0 | CA28: 1.5423 | CB28: 0 | CC28: 12.2511
C29: 3천만원이상 | E29: =CC29/1200% -> 1.14945 | F29: =BW29*$F$8 -> 4.87134 | G29: =BX29*$F$8 -> 0 | H29: =BY29*$F$8 -> 2.3571 | I29: =BZ29*$F$8 -> 0 | J29: =+V29/12 -> 0.0873 | K29: =+J29 -> 0.0873 | L29: =+K29 -> 0.0873 | M29: =+L29 -> 0.0873 | N29: =+M29 -> 0.0873 | O29: =+N29 -> 0.0873 | P29: =+O29 -> 0.0873 | Q29: =+P29 -> 0.0873 | R29: =+Q29 -> 0.0873 | ... U29: =+T29 -> 0.0873 | V29: =CA29*$F$8 -> 1.0476 | W29: =+AI29/12 -> 0 | X29: =+W29 -> 0 | Y29: =+X29 -> 0 | Z29: =+Y29 -> 0 | AA29: =+Z29 -> 0 | AB29: =+AA29 -> 0 | AC29: =+AB29 -> 0 | AD29: =+AC29 -> 0 | AE29: =+AD29 -> 0 | ... AH29: =+AG29 -> 0 | AI29: =CB29*$F$8 -> 0 | AJ29: =CC29*$F$8 -> 8.27604 | AL29: =+ROUNDDOWN($AK29*E29,-1) -> 0 | AM29: =+ROUNDDOWN($AK29*F29,-1) -> 0 | AN29: =+ROUNDDOWN($AK29*G29,-1) -> 0 | AO29: =+ROUNDDOWN($AK29*H29,-1) -> 0 | AP29: =+ROUNDDOWN($AK29*I29,-1) -> 0 | AQ29: =+ROUNDDOWN($AK29*J29,-1) -> 0 | AR29: =+ROUNDDOWN($AK29*K29,-1) -> 0 | AS29: =+ROUNDDOWN($AK29*L29,-1) -> 0 | ... BP29: =+ROUNDDOWN($AK29*AI29,-1) -> 0 | BQ29: =SUM(AM29,AO29,BC29,BP29) -> 0 | BW29: 8.1189 | BX29: 0 | BY29: 3.9285 | BZ29: 0 | CA29: 1.746 | CB29: 0 | CC29: 13.7934
C30: 5천만원이상 | E30: =CC30/1200% -> 1.277975 | F30: =BW30*$F$8 -> 5.4126 | G30: =BX30*$F$8 -> 0 | H30: =BY30*$F$8 -> 2.619 | I30: =BZ30*$F$8 -> 0 | J30: =+V30/12 -> 0.097485 | K30: =+J30 -> 0.097485 | L30: =+K30 -> 0.097485 | M30: =+L30 -> 0.097485 | N30: =+M30 -> 0.097485 | O30: =+N30 -> 0.097485 | P30: =+O30 -> 0.097485 | Q30: =+P30 -> 0.097485 | R30: =+Q30 -> 0.097485 | ... U30: =+T30 -> 0.097485 | V30: =CA30*$F$8 -> 1.16982 | W30: =+AI30/12 -> 0 | X30: =+W30 -> 0 | Y30: =+X30 -> 0 | Z30: =+Y30 -> 0 | AA30: =+Z30 -> 0 | AB30: =+AA30 -> 0 | AC30: =+AB30 -> 0 | AD30: =+AC30 -> 0 | AE30: =+AD30 -> 0 | ... AH30: =+AG30 -> 0 | AI30: =CB30*$F$8 -> 0 | AJ30: =CC30*$F$8 -> 9.20142 | AL30: =+ROUNDDOWN($AK30*E30,-1) -> 0 | AM30: =+ROUNDDOWN($AK30*F30,-1) -> 0 | AN30: =+ROUNDDOWN($AK30*G30,-1) -> 0 | AO30: =+ROUNDDOWN($AK30*H30,-1) -> 0 | AP30: =+ROUNDDOWN($AK30*I30,-1) -> 0 | AQ30: =+ROUNDDOWN($AK30*J30,-1) -> 0 | AR30: =+ROUNDDOWN($AK30*K30,-1) -> 0 | AS30: =+ROUNDDOWN($AK30*L30,-1) -> 0 | ... BP30: =+ROUNDDOWN($AK30*AI30,-1) -> 0 | BQ30: =SUM(AM30,AO30,BC30,BP30) -> 0 | BW30: 9.021 | BX30: 0 | BY30: 4.365 | BZ30: 0 | CA30: 1.9497 | CB30: 0 | CC30: 15.3357
B31: 20년납이상 | C31: 1천만원이상 | E31: =CC31/1200% -> 1.261 | F31: =BW31*$F$8 -> 4.33008 | G31: =BX31*$F$8 -> 0 | H31: =BY31*$F$8 -> 2.4444 | I31: =BZ31*$F$8 -> 0 | J31: =+V31/12 -> 0.19206 | K31: =+J31 -> 0.19206 | L31: =+K31 -> 0.19206 | M31: =+L31 -> 0.19206 | N31: =+M31 -> 0.19206 | O31: =+N31 -> 0.19206 | P31: =+O31 -> 0.19206 | Q31: =+P31 -> 0.19206 | R31: =+Q31 -> 0.19206 | ... U31: =+T31 -> 0.19206 | V31: =CA31*$F$8 -> 2.30472 | W31: =+AI31/12 -> 0 | X31: =+W31 -> 0 | Y31: =+X31 -> 0 | Z31: =+Y31 -> 0 | AA31: =+Z31 -> 0 | AB31: =+AA31 -> 0 | AC31: =+AB31 -> 0 | AD31: =+AC31 -> 0 | AE31: =+AD31 -> 0 | ... AH31: =+AG31 -> 0 | AI31: =CB31*$F$8 -> 0 | AJ31: =CC31*$F$8 -> 9.0792 | AL31: =+ROUNDDOWN($AK31*E31,-1) -> 0 | AM31: =+ROUNDDOWN($AK31*F31,-1) -> 0 | AN31: =+ROUNDDOWN($AK31*G31,-1) -> 0 | AO31: =+ROUNDDOWN($AK31*H31,-1) -> 0 | AP31: =+ROUNDDOWN($AK31*I31,-1) -> 0 | AQ31: =+ROUNDDOWN($AK31*J31,-1) -> 0 | AR31: =+ROUNDDOWN($AK31*K31,-1) -> 0 | AS31: =+ROUNDDOWN($AK31*L31,-1) -> 0 | ... BP31: =+ROUNDDOWN($AK31*AI31,-1) -> 0 | BQ31: =SUM(AM31,AO31,BC31,BP31) -> 0 | BW31: 7.2168 | BX31: 0 | BY31: 4.074 | BZ31: 0 | CA31: 3.8412 | CB31: 0 | CC31: 15.132
C32: 3천만원이상 | E32: =CC32/1200% -> 1.4162 | F32: =BW32*$F$8 -> 4.87134 | G32: =BX32*$F$8 -> 0 | H32: =BY32*$F$8 -> 2.74122 | I32: =BZ32*$F$8 -> 0 | J32: =+V32/12 -> 0.21534 | K32: =+J32 -> 0.21534 | L32: =+K32 -> 0.21534 | M32: =+L32 -> 0.21534 | N32: =+M32 -> 0.21534 | O32: =+N32 -> 0.21534 | P32: =+O32 -> 0.21534 | Q32: =+P32 -> 0.21534 | R32: =+Q32 -> 0.21534 | ... U32: =+T32 -> 0.21534 | V32: =CA32*$F$8 -> 2.58408 | W32: =+AI32/12 -> 0 | X32: =+W32 -> 0 | Y32: =+X32 -> 0 | Z32: =+Y32 -> 0 | AA32: =+Z32 -> 0 | AB32: =+AA32 -> 0 | AC32: =+AB32 -> 0 | AD32: =+AC32 -> 0 | AE32: =+AD32 -> 0 | ... AH32: =+AG32 -> 0 | AI32: =CB32*$F$8 -> 0 | AJ32: =CC32*$F$8 -> 10.19664 | AL32: =+ROUNDDOWN($AK32*E32,-1) -> 0 | AM32: =+ROUNDDOWN($AK32*F32,-1) -> 0 | AN32: =+ROUNDDOWN($AK32*G32,-1) -> 0 | AO32: =+ROUNDDOWN($AK32*H32,-1) -> 0 | AP32: =+ROUNDDOWN($AK32*I32,-1) -> 0 | AQ32: =+ROUNDDOWN($AK32*J32,-1) -> 0 | AR32: =+ROUNDDOWN($AK32*K32,-1) -> 0 | AS32: =+ROUNDDOWN($AK32*L32,-1) -> 0 | ... BP32: =+ROUNDDOWN($AK32*AI32,-1) -> 0 | BQ32: =SUM(AM32,AO32,BC32,BP32) -> 0 | BW32: 8.1189 | BX32: 0 | BY32: 4.5687 | BZ32: 0 | CA32: 4.3068 | CB32: 0 | CC32: 16.9944
C33: 5천만원이상 | E33: =CC33/1200% -> 1.57625 | F33: =BW33*$F$8 -> 5.4126 | G33: =BX33*$F$8 -> 0 | H33: =BY33*$F$8 -> 3.0555 | I33: =BZ33*$F$8 -> 0 | J33: =+V33/12 -> 0.240075 | K33: =+J33 -> 0.240075 | L33: =+K33 -> 0.240075 | M33: =+L33 -> 0.240075 | N33: =+M33 -> 0.240075 | O33: =+N33 -> 0.240075 | P33: =+O33 -> 0.240075 | Q33: =+P33 -> 0.240075 | R33: =+Q33 -> 0.240075 | ... U33: =+T33 -> 0.240075 | V33: =CA33*$F$8 -> 2.8809 | W33: =+AI33/12 -> 0 | X33: =+W33 -> 0 | Y33: =+X33 -> 0 | Z33: =+Y33 -> 0 | AA33: =+Z33 -> 0 | AB33: =+AA33 -> 0 | AC33: =+AB33 -> 0 | AD33: =+AC33 -> 0 | AE33: =+AD33 -> 0 | ... AH33: =+AG33 -> 0 | AI33: =CB33*$F$8 -> 0 | AJ33: =CC33*$F$8 -> 11.349 | AL33: =+ROUNDDOWN($AK33*E33,-1) -> 0 | AM33: =+ROUNDDOWN($AK33*F33,-1) -> 0 | AN33: =+ROUNDDOWN($AK33*G33,-1) -> 0 | AO33: =+ROUNDDOWN($AK33*H33,-1) -> 0 | AP33: =+ROUNDDOWN($AK33*I33,-1) -> 0 | AQ33: =+ROUNDDOWN($AK33*J33,-1) -> 0 | AR33: =+ROUNDDOWN($AK33*K33,-1) -> 0 | AS33: =+ROUNDDOWN($AK33*L33,-1) -> 0 | ... BP33: =+ROUNDDOWN($AK33*AI33,-1) -> 0 | BQ33: =SUM(AM33,AO33,BC33,BP33) -> 0 | BW33: 9.021 | BX33: 0 | BY33: 5.0925 | BZ33: 0 | CA33: 4.8015 | CB33: 0 | CC33: 18.915
A34: KB Trust 라이프 파트너 종신보험 무배당 (해약환급금 일부지급형) | B34: 5년납 | C34: 3천만원이상 | E34: =CC34/1200% -> 0.5238 | F34: =BW34*$F$8 -> 3.1428 | G34: =BX34*$F$8 -> 0 | H34: =BY34*$F$8 -> 0.31428 | I34: =BZ34*$F$8 -> 0 | J34: =+V34/12 -> 0.02619 | K34: =+J34 -> 0.02619 | L34: =+K34 -> 0.02619 | M34: =+L34 -> 0.02619 | N34: =+M34 -> 0.02619 | O34: =+N34 -> 0.02619 | P34: =+O34 -> 0.02619 | Q34: =+P34 -> 0.02619 | R34: =+Q34 -> 0.02619 | ... U34: =+T34 -> 0.02619 | V34: =CA34*$F$8 -> 0.31428 | W34: =+AI34/12 -> 0 | X34: =+W34 -> 0 | Y34: =+X34 -> 0 | Z34: =+Y34 -> 0 | AA34: =+Z34 -> 0 | AB34: =+AA34 -> 0 | AC34: =+AB34 -> 0 | AD34: =+AC34 -> 0 | AE34: =+AD34 -> 0 | ... AH34: =+AG34 -> 0 | AI34: =CB34*$F$8 -> 0 | AJ34: =CC34*$F$8 -> 3.77136 | AL34: =+ROUNDDOWN($AK34*E34,-1) -> 0 | AM34: =+ROUNDDOWN($AK34*F34,-1) -> 0 | AN34: =+ROUNDDOWN($AK34*G34,-1) -> 0 | AO34: =+ROUNDDOWN($AK34*H34,-1) -> 0 | AP34: =+ROUNDDOWN($AK34*I34,-1) -> 0 | AQ34: =+ROUNDDOWN($AK34*J34,-1) -> 0 | AR34: =+ROUNDDOWN($AK34*K34,-1) -> 0 | AS34: =+ROUNDDOWN($AK34*L34,-1) -> 0 | ... BP34: =+ROUNDDOWN($AK34*AI34,-1) -> 0 | BQ34: =SUM(AM34,AO34,BC34,BP34) -> 0 | BW34: 5.238 | BX34: 0 | BY34: 0.5238 | BZ34: 0 | CA34: 0.5238 | CB34: 0 | CC34: 6.2856
C35: 5천만원이상 | E35: =CC35/1200% -> 0.582 | F35: =BW35*$F$8 -> 3.492 | G35: =BX35*$F$8 -> 0 | H35: =BY35*$F$8 -> 0.3492 | I35: =BZ35*$F$8 -> 0 | J35: =+V35/12 -> 0.0291 | K35: =+J35 -> 0.0291 | L35: =+K35 -> 0.0291 | M35: =+L35 -> 0.0291 | N35: =+M35 -> 0.0291 | O35: =+N35 -> 0.0291 | P35: =+O35 -> 0.0291 | Q35: =+P35 -> 0.0291 | R35: =+Q35 -> 0.0291 | ... U35: =+T35 -> 0.0291 | V35: =CA35*$F$8 -> 0.3492 | W35: =+AI35/12 -> 0 | X35: =+W35 -> 0 | Y35: =+X35 -> 0 | Z35: =+Y35 -> 0 | AA35: =+Z35 -> 0 | AB35: =+AA35 -> 0 | AC35: =+AB35 -> 0 | AD35: =+AC35 -> 0 | AE35: =+AD35 -> 0 | ... AH35: =+AG35 -> 0 | AI35: =CB35*$F$8 -> 0 | AJ35: =CC35*$F$8 -> 4.1904 | AL35: =+ROUNDDOWN($AK35*E35,-1) -> 0 | AM35: =+ROUNDDOWN($AK35*F35,-1) -> 0 | AN35: =+ROUNDDOWN($AK35*G35,-1) -> 0 | AO35: =+ROUNDDOWN($AK35*H35,-1) -> 0 | AP35: =+ROUNDDOWN($AK35*I35,-1) -> 0 | AQ35: =+ROUNDDOWN($AK35*J35,-1) -> 0 | AR35: =+ROUNDDOWN($AK35*K35,-1) -> 0 | AS35: =+ROUNDDOWN($AK35*L35,-1) -> 0 | ... BP35: =+ROUNDDOWN($AK35*AI35,-1) -> 0 | BQ35: =SUM(AM35,AO35,BC35,BP35) -> 0 | BW35: 5.82 | BX35: 0 | BY35: 0.582 | BZ35: 0 | CA35: 0.582 | CB35: 0 | CC35: 6.984
B36: 7년납 | C36: 3천만원이상 | E36: =CC36/1200% -> 0.5238 | F36: =BW36*$F$8 -> 3.1428 | G36: =BX36*$F$8 -> 0 | H36: =BY36*$F$8 -> 0.31428 | I36: =BZ36*$F$8 -> 0 | J36: =+V36/12 -> 0.02619 | K36: =+J36 -> 0.02619 | L36: =+K36 -> 0.02619 | M36: =+L36 -> 0.02619 | N36: =+M36 -> 0.02619 | O36: =+N36 -> 0.02619 | P36: =+O36 -> 0.02619 | Q36: =+P36 -> 0.02619 | R36: =+Q36 -> 0.02619 | ... U36: =+T36 -> 0.02619 | V36: =CA36*$F$8 -> 0.31428 | W36: =+AI36/12 -> 0 | X36: =+W36 -> 0 | Y36: =+X36 -> 0 | Z36: =+Y36 -> 0 | AA36: =+Z36 -> 0 | AB36: =+AA36 -> 0 | AC36: =+AB36 -> 0 | AD36: =+AC36 -> 0 | AE36: =+AD36 -> 0 | ... AH36: =+AG36 -> 0 | AI36: =CB36*$F$8 -> 0 | AJ36: =CC36*$F$8 -> 3.77136 | AL36: =+ROUNDDOWN($AK36*E36,-1) -> 0 | AM36: =+ROUNDDOWN($AK36*F36,-1) -> 0 | AN36: =+ROUNDDOWN($AK36*G36,-1) -> 0 | AO36: =+ROUNDDOWN($AK36*H36,-1) -> 0 | AP36: =+ROUNDDOWN($AK36*I36,-1) -> 0 | AQ36: =+ROUNDDOWN($AK36*J36,-1) -> 0 | AR36: =+ROUNDDOWN($AK36*K36,-1) -> 0 | AS36: =+ROUNDDOWN($AK36*L36,-1) -> 0 | ... BP36: =+ROUNDDOWN($AK36*AI36,-1) -> 0 | BQ36: =SUM(AM36,AO36,BC36,BP36) -> 0 | BW36: 5.238 | BX36: 0 | BY36: 0.5238 | BZ36: 0 | CA36: 0.5238 | CB36: 0 | CC36: 6.2856
C37: 5천만원이상 | E37: =CC37/1200% -> 0.582 | F37: =BW37*$F$8 -> 3.492 | G37: =BX37*$F$8 -> 0 | H37: =BY37*$F$8 -> 0.3492 | I37: =BZ37*$F$8 -> 0 | J37: =+V37/12 -> 0.0291 | K37: =+J37 -> 0.0291 | L37: =+K37 -> 0.0291 | M37: =+L37 -> 0.0291 | N37: =+M37 -> 0.0291 | O37: =+N37 -> 0.0291 | P37: =+O37 -> 0.0291 | Q37: =+P37 -> 0.0291 | R37: =+Q37 -> 0.0291 | ... U37: =+T37 -> 0.0291 | V37: =CA37*$F$8 -> 0.3492 | W37: =+AI37/12 -> 0 | X37: =+W37 -> 0 | Y37: =+X37 -> 0 | Z37: =+Y37 -> 0 | AA37: =+Z37 -> 0 | AB37: =+AA37 -> 0 | AC37: =+AB37 -> 0 | AD37: =+AC37 -> 0 | AE37: =+AD37 -> 0 | ... AH37: =+AG37 -> 0 | AI37: =CB37*$F$8 -> 0 | AJ37: =CC37*$F$8 -> 4.1904 | AL37: =+ROUNDDOWN($AK37*E37,-1) -> 0 | AM37: =+ROUNDDOWN($AK37*F37,-1) -> 0 | AN37: =+ROUNDDOWN($AK37*G37,-1) -> 0 | AO37: =+ROUNDDOWN($AK37*H37,-1) -> 0 | AP37: =+ROUNDDOWN($AK37*I37,-1) -> 0 | AQ37: =+ROUNDDOWN($AK37*J37,-1) -> 0 | AR37: =+ROUNDDOWN($AK37*K37,-1) -> 0 | AS37: =+ROUNDDOWN($AK37*L37,-1) -> 0 | ... BP37: =+ROUNDDOWN($AK37*AI37,-1) -> 0 | BQ37: =SUM(AM37,AO37,BC37,BP37) -> 0 | BW37: 5.82 | BX37: 0 | BY37: 0.582 | BZ37: 0 | CA37: 0.582 | CB37: 0 | CC37: 6.984
B38: 10년납 | C38: 3천만원이상 | E38: =CC38/1200% -> 0.83905 | F38: =BW38*$F$8 -> 4.64436 | G38: =BX38*$F$8 -> 0 | H38: =BY38*$F$8 -> 1.06506 | I38: =BZ38*$F$8 -> 0 | J38: =+V38/12 -> 0.027645 | K38: =+J38 -> 0.027645 | L38: =+K38 -> 0.027645 | M38: =+L38 -> 0.027645 | N38: =+M38 -> 0.027645 | O38: =+N38 -> 0.027645 | P38: =+O38 -> 0.027645 | Q38: =+P38 -> 0.027645 | R38: =+Q38 -> 0.027645 | ... U38: =+T38 -> 0.027645 | V38: =CA38*$F$8 -> 0.33174 | W38: =+AI38/12 -> 0 | X38: =+W38 -> 0 | Y38: =+X38 -> 0 | Z38: =+Y38 -> 0 | AA38: =+Z38 -> 0 | AB38: =+AA38 -> 0 | AC38: =+AB38 -> 0 | AD38: =+AC38 -> 0 | AE38: =+AD38 -> 0 | ... AH38: =+AG38 -> 0 | AI38: =CB38*$F$8 -> 0 | AJ38: =CC38*$F$8 -> 6.04116 | AL38: =+ROUNDDOWN($AK38*E38,-1) -> 0 | AM38: =+ROUNDDOWN($AK38*F38,-1) -> 0 | AN38: =+ROUNDDOWN($AK38*G38,-1) -> 0 | AO38: =+ROUNDDOWN($AK38*H38,-1) -> 0 | AP38: =+ROUNDDOWN($AK38*I38,-1) -> 0 | AQ38: =+ROUNDDOWN($AK38*J38,-1) -> 0 | AR38: =+ROUNDDOWN($AK38*K38,-1) -> 0 | AS38: =+ROUNDDOWN($AK38*L38,-1) -> 0 | ... BP38: =+ROUNDDOWN($AK38*AI38,-1) -> 0 | BQ38: =SUM(AM38,AO38,BC38,BP38) -> 0 | BW38: 7.7406 | BX38: 0 | BY38: 1.7751 | BZ38: 0 | CA38: 0.5529 | CB38: 0 | CC38: 10.0686
C39: 5천만원이상 | E39: =CC39/1200% -> 0.933625 | F39: =BW39*$F$8 -> 5.16816 | G39: =BX39*$F$8 -> 0 | H39: =BY39*$F$8 -> 1.18728 | I39: =BZ39*$F$8 -> 0 | J39: =+V39/12 -> 0.030555 | K39: =+J39 -> 0.030555 | L39: =+K39 -> 0.030555 | M39: =+L39 -> 0.030555 | N39: =+M39 -> 0.030555 | O39: =+N39 -> 0.030555 | P39: =+O39 -> 0.030555 | Q39: =+P39 -> 0.030555 | R39: =+Q39 -> 0.030555 | ... U39: =+T39 -> 0.030555 | V39: =CA39*$F$8 -> 0.36666 | W39: =+AI39/12 -> 0 | X39: =+W39 -> 0 | Y39: =+X39 -> 0 | Z39: =+Y39 -> 0 | AA39: =+Z39 -> 0 | AB39: =+AA39 -> 0 | AC39: =+AB39 -> 0 | AD39: =+AC39 -> 0 | AE39: =+AD39 -> 0 | ... AH39: =+AG39 -> 0 | AI39: =CB39*$F$8 -> 0 | AJ39: =CC39*$F$8 -> 6.7221 | AL39: =+ROUNDDOWN($AK39*E39,-1) -> 0 | AM39: =+ROUNDDOWN($AK39*F39,-1) -> 0 | AN39: =+ROUNDDOWN($AK39*G39,-1) -> 0 | AO39: =+ROUNDDOWN($AK39*H39,-1) -> 0 | AP39: =+ROUNDDOWN($AK39*I39,-1) -> 0 | AQ39: =+ROUNDDOWN($AK39*J39,-1) -> 0 | AR39: =+ROUNDDOWN($AK39*K39,-1) -> 0 | AS39: =+ROUNDDOWN($AK39*L39,-1) -> 0 | ... BP39: =+ROUNDDOWN($AK39*AI39,-1) -> 0 | BQ39: =SUM(AM39,AO39,BC39,BP39) -> 0 | BW39: 8.6136 | BX39: 0 | BY39: 1.9788 | BZ39: 0 | CA39: 0.6111 | CB39: 0 | CC39: 11.2035
B40: 12년납 | C40: 3천만원이상 | E40: =CC40/1200% -> 0.991825 | F40: =BW40*$F$8 -> 4.74912 | G40: =BX40*$F$8 -> 0 | H40: =BY40*$F$8 -> 1.71108 | I40: =BZ40*$F$8 -> 0 | J40: =+V40/12 -> 0.056745 | K40: =+J40 -> 0.056745 | L40: =+K40 -> 0.056745 | M40: =+L40 -> 0.056745 | N40: =+M40 -> 0.056745 | O40: =+N40 -> 0.056745 | P40: =+O40 -> 0.056745 | Q40: =+P40 -> 0.056745 | R40: =+Q40 -> 0.056745 | ... U40: =+T40 -> 0.056745 | V40: =CA40*$F$8 -> 0.68094 | W40: =+AI40/12 -> 0 | X40: =+W40 -> 0 | Y40: =+X40 -> 0 | Z40: =+Y40 -> 0 | AA40: =+Z40 -> 0 | AB40: =+AA40 -> 0 | AC40: =+AB40 -> 0 | AD40: =+AC40 -> 0 | AE40: =+AD40 -> 0 | ... AH40: =+AG40 -> 0 | AI40: =CB40*$F$8 -> 0 | AJ40: =CC40*$F$8 -> 7.14114 | AL40: =+ROUNDDOWN($AK40*E40,-1) -> 0 | AM40: =+ROUNDDOWN($AK40*F40,-1) -> 0 | AN40: =+ROUNDDOWN($AK40*G40,-1) -> 0 | AO40: =+ROUNDDOWN($AK40*H40,-1) -> 0 | AP40: =+ROUNDDOWN($AK40*I40,-1) -> 0 | AQ40: =+ROUNDDOWN($AK40*J40,-1) -> 0 | AR40: =+ROUNDDOWN($AK40*K40,-1) -> 0 | AS40: =+ROUNDDOWN($AK40*L40,-1) -> 0 | ... BP40: =+ROUNDDOWN($AK40*AI40,-1) -> 0 | BQ40: =SUM(AM40,AO40,BC40,BP40) -> 0 | BW40: 7.9152 | BX40: 0 | BY40: 2.8518 | BZ40: 0 | CA40: 1.1349 | CB40: 0 | CC40: 11.9019
C41: 5천만원이상 | E41: =CC41/1200% -> 1.1058 | F41: =BW41*$F$8 -> 5.29038 | G41: =BX41*$F$8 -> 0 | H41: =BY41*$F$8 -> 1.90314 | I41: =BZ41*$F$8 -> 0 | J41: =+V41/12 -> 0.06402 | K41: =+J41 -> 0.06402 | L41: =+K41 -> 0.06402 | M41: =+L41 -> 0.06402 | N41: =+M41 -> 0.06402 | O41: =+N41 -> 0.06402 | P41: =+O41 -> 0.06402 | Q41: =+P41 -> 0.06402 | R41: =+Q41 -> 0.06402 | ... U41: =+T41 -> 0.06402 | V41: =CA41*$F$8 -> 0.76824 | W41: =+AI41/12 -> 0 | X41: =+W41 -> 0 | Y41: =+X41 -> 0 | Z41: =+Y41 -> 0 | AA41: =+Z41 -> 0 | AB41: =+AA41 -> 0 | AC41: =+AB41 -> 0 | AD41: =+AC41 -> 0 | AE41: =+AD41 -> 0 | ... AH41: =+AG41 -> 0 | AI41: =CB41*$F$8 -> 0 | AJ41: =CC41*$F$8 -> 7.96176 | AL41: =+ROUNDDOWN($AK41*E41,-1) -> 0 | AM41: =+ROUNDDOWN($AK41*F41,-1) -> 0 | AN41: =+ROUNDDOWN($AK41*G41,-1) -> 0 | AO41: =+ROUNDDOWN($AK41*H41,-1) -> 0 | AP41: =+ROUNDDOWN($AK41*I41,-1) -> 0 | AQ41: =+ROUNDDOWN($AK41*J41,-1) -> 0 | AR41: =+ROUNDDOWN($AK41*K41,-1) -> 0 | AS41: =+ROUNDDOWN($AK41*L41,-1) -> 0 | ... BP41: =+ROUNDDOWN($AK41*AI41,-1) -> 0 | BQ41: =SUM(AM41,AO41,BC41,BP41) -> 0 | BW41: 8.8173 | BX41: 0 | BY41: 3.1719 | BZ41: 0 | CA41: 1.2804 | CB41: 0 | CC41: 13.2696
B42: 15년납 | C42: 3천만원이상 | E42: =CC42/1200% -> 1.14945 | F42: =BW42*$F$8 -> 4.87134 | G42: =BX42*$F$8 -> 0 | H42: =BY42*$F$8 -> 2.3571 | I42: =BZ42*$F$8 -> 0 | J42: =+V42/12 -> 0.0873 | K42: =+J42 -> 0.0873 | L42: =+K42 -> 0.0873 | M42: =+L42 -> 0.0873 | N42: =+M42 -> 0.0873 | O42: =+N42 -> 0.0873 | P42: =+O42 -> 0.0873 | Q42: =+P42 -> 0.0873 | R42: =+Q42 -> 0.0873 | ... U42: =+T42 -> 0.0873 | V42: =CA42*$F$8 -> 1.0476 | W42: =+AI42/12 -> 0 | X42: =+W42 -> 0 | Y42: =+X42 -> 0 | Z42: =+Y42 -> 0 | AA42: =+Z42 -> 0 | AB42: =+AA42 -> 0 | AC42: =+AB42 -> 0 | AD42: =+AC42 -> 0 | AE42: =+AD42 -> 0 | ... AH42: =+AG42 -> 0 | AI42: =CB42*$F$8 -> 0 | AJ42: =CC42*$F$8 -> 8.27604 | AL42: =+ROUNDDOWN($AK42*E42,-1) -> 0 | AM42: =+ROUNDDOWN($AK42*F42,-1) -> 0 | AN42: =+ROUNDDOWN($AK42*G42,-1) -> 0 | AO42: =+ROUNDDOWN($AK42*H42,-1) -> 0 | AP42: =+ROUNDDOWN($AK42*I42,-1) -> 0 | AQ42: =+ROUNDDOWN($AK42*J42,-1) -> 0 | AR42: =+ROUNDDOWN($AK42*K42,-1) -> 0 | AS42: =+ROUNDDOWN($AK42*L42,-1) -> 0 | ... BP42: =+ROUNDDOWN($AK42*AI42,-1) -> 0 | BQ42: =SUM(AM42,AO42,BC42,BP42) -> 0 | BW42: 8.1189 | BX42: 0 | BY42: 3.9285 | BZ42: 0 | CA42: 1.746 | CB42: 0 | CC42: 13.7934
C43: 5천만원이상 | E43: =CC43/1200% -> 1.277975 | F43: =BW43*$F$8 -> 5.4126 | G43: =BX43*$F$8 -> 0 | H43: =BY43*$F$8 -> 2.619 | I43: =BZ43*$F$8 -> 0 | J43: =+V43/12 -> 0.097485 | K43: =+J43 -> 0.097485 | L43: =+K43 -> 0.097485 | M43: =+L43 -> 0.097485 | N43: =+M43 -> 0.097485 | O43: =+N43 -> 0.097485 | P43: =+O43 -> 0.097485 | Q43: =+P43 -> 0.097485 | R43: =+Q43 -> 0.097485 | ... U43: =+T43 -> 0.097485 | V43: =CA43*$F$8 -> 1.16982 | W43: =+AI43/12 -> 0 | X43: =+W43 -> 0 | Y43: =+X43 -> 0 | Z43: =+Y43 -> 0 | AA43: =+Z43 -> 0 | AB43: =+AA43 -> 0 | AC43: =+AB43 -> 0 | AD43: =+AC43 -> 0 | AE43: =+AD43 -> 0 | ... AH43: =+AG43 -> 0 | AI43: =CB43*$F$8 -> 0 | AJ43: =CC43*$F$8 -> 9.20142 | AL43: =+ROUNDDOWN($AK43*E43,-1) -> 0 | AM43: =+ROUNDDOWN($AK43*F43,-1) -> 0 | AN43: =+ROUNDDOWN($AK43*G43,-1) -> 0 | AO43: =+ROUNDDOWN($AK43*H43,-1) -> 0 | AP43: =+ROUNDDOWN($AK43*I43,-1) -> 0 | AQ43: =+ROUNDDOWN($AK43*J43,-1) -> 0 | AR43: =+ROUNDDOWN($AK43*K43,-1) -> 0 | AS43: =+ROUNDDOWN($AK43*L43,-1) -> 0 | ... BP43: =+ROUNDDOWN($AK43*AI43,-1) -> 0 | BQ43: =SUM(AM43,AO43,BC43,BP43) -> 0 | BW43: 9.021 | BX43: 0 | BY43: 4.365 | BZ43: 0 | CA43: 1.9497 | CB43: 0 | CC43: 15.3357
B44: 20년납이상 | C44: 3천만원이상 | E44: =CC44/1200% -> 1.4162 | F44: =BW44*$F$8 -> 4.87134 | G44: =BX44*$F$8 -> 0 | H44: =BY44*$F$8 -> 2.74122 | I44: =BZ44*$F$8 -> 0 | J44: =+V44/12 -> 0.21534 | K44: =+J44 -> 0.21534 | L44: =+K44 -> 0.21534 | M44: =+L44 -> 0.21534 | N44: =+M44 -> 0.21534 | O44: =+N44 -> 0.21534 | P44: =+O44 -> 0.21534 | Q44: =+P44 -> 0.21534 | R44: =+Q44 -> 0.21534 | ... U44: =+T44 -> 0.21534 | V44: =CA44*$F$8 -> 2.58408 | W44: =+AI44/12 -> 0 | X44: =+W44 -> 0 | Y44: =+X44 -> 0 | Z44: =+Y44 -> 0 | AA44: =+Z44 -> 0 | AB44: =+AA44 -> 0 | AC44: =+AB44 -> 0 | AD44: =+AC44 -> 0 | AE44: =+AD44 -> 0 | ... AH44: =+AG44 -> 0 | AI44: =CB44*$F$8 -> 0 | AJ44: =CC44*$F$8 -> 10.19664 | AL44: =+ROUNDDOWN($AK44*E44,-1) -> 0 | AM44: =+ROUNDDOWN($AK44*F44,-1) -> 0 | AN44: =+ROUNDDOWN($AK44*G44,-1) -> 0 | AO44: =+ROUNDDOWN($AK44*H44,-1) -> 0 | AP44: =+ROUNDDOWN($AK44*I44,-1) -> 0 | AQ44: =+ROUNDDOWN($AK44*J44,-1) -> 0 | AR44: =+ROUNDDOWN($AK44*K44,-1) -> 0 | AS44: =+ROUNDDOWN($AK44*L44,-1) -> 0 | ... BP44: =+ROUNDDOWN($AK44*AI44,-1) -> 0 | BQ44: =SUM(AM44,AO44,BC44,BP44) -> 0 | BW44: 8.1189 | BX44: 0 | BY44: 4.5687 | BZ44: 0 | CA44: 4.3068 | CB44: 0 | CC44: 16.9944
C45: 5천만원이상 | E45: =CC45/1200% -> 1.57625 | F45: =BW45*$F$8 -> 5.4126 | G45: =BX45*$F$8 -> 0 | H45: =BY45*$F$8 -> 3.0555 | I45: =BZ45*$F$8 -> 0 | J45: =+V45/12 -> 0.240075 | K45: =+J45 -> 0.240075 | L45: =+K45 -> 0.240075 | M45: =+L45 -> 0.240075 | N45: =+M45 -> 0.240075 | O45: =+N45 -> 0.240075 | P45: =+O45 -> 0.240075 | Q45: =+P45 -> 0.240075 | R45: =+Q45 -> 0.240075 | ... U45: =+T45 -> 0.240075 | V45: =CA45*$F$8 -> 2.8809 | W45: =+AI45/12 -> 0 | X45: =+W45 -> 0 | Y45: =+X45 -> 0 | Z45: =+Y45 -> 0 | AA45: =+Z45 -> 0 | AB45: =+AA45 -> 0 | AC45: =+AB45 -> 0 | AD45: =+AC45 -> 0 | AE45: =+AD45 -> 0 | ... AH45: =+AG45 -> 0 | AI45: =CB45*$F$8 -> 0 | AJ45: =CC45*$F$8 -> 11.349 | AL45: =+ROUNDDOWN($AK45*E45,-1) -> 0 | AM45: =+ROUNDDOWN($AK45*F45,-1) -> 0 | AN45: =+ROUNDDOWN($AK45*G45,-1) -> 0 | AO45: =+ROUNDDOWN($AK45*H45,-1) -> 0 | AP45: =+ROUNDDOWN($AK45*I45,-1) -> 0 | AQ45: =+ROUNDDOWN($AK45*J45,-1) -> 0 | AR45: =+ROUNDDOWN($AK45*K45,-1) -> 0 | AS45: =+ROUNDDOWN($AK45*L45,-1) -> 0 | ... BP45: =+ROUNDDOWN($AK45*AI45,-1) -> 0 | BQ45: =SUM(AM45,AO45,BC45,BP45) -> 0 | BW45: 9.021 | BX45: 0 | BY45: 5.0925 | BZ45: 0 | CA45: 4.8015 | CB45: 0 | CC45: 18.915
A46: KB 종신보험 무배당 | B46: 5년납 | C46: - | E46: =CC46/1200% -> 0.846325 | F46: =BW46*$F$8 -> 2.51424 | G46: =BX46*$F$8 -> 0 | H46: =BY46*$F$8 -> 1.64124 | I46: =BZ46*$F$8 -> 0 | J46: =+V46/12 -> 0.120765 | K46: =+J46 -> 0.120765 | L46: =+K46 -> 0.120765 | M46: =+L46 -> 0.120765 | N46: =+M46 -> 0.120765 | O46: =+N46 -> 0.120765 | P46: =+O46 -> 0.120765 | Q46: =+P46 -> 0.120765 | R46: =+Q46 -> 0.120765 | ... U46: =+T46 -> 0.120765 | V46: =CA46*$F$8 -> 1.44918 | W46: =+AI46/12 -> 0.04074 | X46: =+W46 -> 0.04074 | Y46: =+X46 -> 0.04074 | Z46: =+Y46 -> 0.04074 | AA46: =+Z46 -> 0.04074 | AB46: =+AA46 -> 0.04074 | AC46: =+AB46 -> 0.04074 | AD46: =+AC46 -> 0.04074 | AE46: =+AD46 -> 0.04074 | ... AH46: =+AG46 -> 0.04074 | AI46: =CB46*$F$8 -> 0.48888 | AJ46: =CC46*$F$8 -> 6.09354 | AL46: =+ROUNDDOWN($AK46*E46,-1) -> 0 | AM46: =+ROUNDDOWN($AK46*F46,-1) -> 0 | AN46: =+ROUNDDOWN($AK46*G46,-1) -> 0 | AO46: =+ROUNDDOWN($AK46*H46,-1) -> 0 | AP46: =+ROUNDDOWN($AK46*I46,-1) -> 0 | AQ46: =+ROUNDDOWN($AK46*J46,-1) -> 0 | AR46: =+ROUNDDOWN($AK46*K46,-1) -> 0 | AS46: =+ROUNDDOWN($AK46*L46,-1) -> 0 | ... BP46: =+ROUNDDOWN($AK46*AI46,-1) -> 0 | BQ46: =SUM(AM46,AO46,BC46,BP46) -> 0 | BW46: 4.1904 | BX46: 0 | BY46: 2.7354 | BZ46: 0 | CA46: 2.4153 | CB46: 0.8148 | CC46: 10.1559
B47: 6~10년납 | C47: - | E47: =CC47/1200% -> 0.9603 | F47: =BW47*$F$8 -> 4.12056 | G47: =BX47*$F$8 -> 0 | H47: =BY47*$F$8 -> 1.50156 | I47: =BZ47*$F$8 -> 0 | J47: =+V47/12 -> 0.09603 | K47: =+J47 -> 0.09603 | L47: =+K47 -> 0.09603 | M47: =+L47 -> 0.09603 | N47: =+M47 -> 0.09603 | O47: =+N47 -> 0.09603 | P47: =+O47 -> 0.09603 | Q47: =+P47 -> 0.09603 | R47: =+Q47 -> 0.09603 | ... U47: =+T47 -> 0.09603 | V47: =CA47*$F$8 -> 1.15236 | W47: =+AI47/12 -> 0.01164 | X47: =+W47 -> 0.01164 | Y47: =+X47 -> 0.01164 | Z47: =+Y47 -> 0.01164 | AA47: =+Z47 -> 0.01164 | AB47: =+AA47 -> 0.01164 | AC47: =+AB47 -> 0.01164 | AD47: =+AC47 -> 0.01164 | AE47: =+AD47 -> 0.01164 | ... AH47: =+AG47 -> 0.01164 | AI47: =CB47*$F$8 -> 0.13968 | AJ47: =CC47*$F$8 -> 6.91416 | AL47: =+ROUNDDOWN($AK47*E47,-1) -> 0 | AM47: =+ROUNDDOWN($AK47*F47,-1) -> 0 | AN47: =+ROUNDDOWN($AK47*G47,-1) -> 0 | AO47: =+ROUNDDOWN($AK47*H47,-1) -> 0 | AP47: =+ROUNDDOWN($AK47*I47,-1) -> 0 | AQ47: =+ROUNDDOWN($AK47*J47,-1) -> 0 | AR47: =+ROUNDDOWN($AK47*K47,-1) -> 0 | AS47: =+ROUNDDOWN($AK47*L47,-1) -> 0 | ... BP47: =+ROUNDDOWN($AK47*AI47,-1) -> 0 | BQ47: =SUM(AM47,AO47,BC47,BP47) -> 0 | BW47: 6.8676 | BX47: 0 | BY47: 2.5026 | BZ47: 0 | CA47: 1.9206 | CB47: 0.2328 | CC47: 11.5236
B48: 11~14년납 | C48: - | E48: =CC48/1200% -> 1.3305167 | F48: =BW48*$F$8 -> 4.39992 | G48: =BX48*$F$8 -> 0 | H48: =BY48*$F$8 -> 1.746 | I48: =BZ48*$F$8 -> 0 | J48: =+V48/12 -> 0.12804 | K48: =+J48 -> 0.12804 | L48: =+K48 -> 0.12804 | M48: =+L48 -> 0.12804 | N48: =+M48 -> 0.12804 | O48: =+N48 -> 0.12804 | P48: =+O48 -> 0.12804 | Q48: =+P48 -> 0.12804 | R48: =+Q48 -> 0.12804 | ... U48: =+T48 -> 0.12804 | V48: =CA48*$F$8 -> 1.53648 | W48: =+AI48/12 -> 0.15811 | X48: =+W48 -> 0.15811 | Y48: =+X48 -> 0.15811 | Z48: =+Y48 -> 0.15811 | AA48: =+Z48 -> 0.15811 | AB48: =+AA48 -> 0.15811 | AC48: =+AB48 -> 0.15811 | AD48: =+AC48 -> 0.15811 | AE48: =+AD48 -> 0.15811 | ... AH48: =+AG48 -> 0.15811 | AI48: =CB48*$F$8 -> 1.89732 | AJ48: =CC48*$F$8 -> 9.57972 | AL48: =+ROUNDDOWN($AK48*E48,-1) -> 0 | AM48: =+ROUNDDOWN($AK48*F48,-1) -> 0 | AN48: =+ROUNDDOWN($AK48*G48,-1) -> 0 | AO48: =+ROUNDDOWN($AK48*H48,-1) -> 0 | AP48: =+ROUNDDOWN($AK48*I48,-1) -> 0 | AQ48: =+ROUNDDOWN($AK48*J48,-1) -> 0 | AR48: =+ROUNDDOWN($AK48*K48,-1) -> 0 | AS48: =+ROUNDDOWN($AK48*L48,-1) -> 0 | ... BP48: =+ROUNDDOWN($AK48*AI48,-1) -> 0 | BQ48: =SUM(AM48,AO48,BC48,BP48) -> 0 | BW48: 7.3332 | BX48: 0 | BY48: 2.91 | BZ48: 0 | CA48: 2.5608 | CB48: 3.1622 | CC48: 15.9662
B49: 15년납 | C49: - | E49: =CC49/1200% -> 1.3305167 | F49: =BW49*$F$8 -> 5.34276 | G49: =BX49*$F$8 -> 0 | H49: =BY49*$F$8 -> 1.32696 | I49: =BZ49*$F$8 -> 0 | J49: =+V49/12 -> 0.09603 | K49: =+J49 -> 0.09603 | L49: =+K49 -> 0.09603 | M49: =+L49 -> 0.09603 | N49: =+M49 -> 0.09603 | O49: =+N49 -> 0.09603 | P49: =+O49 -> 0.09603 | Q49: =+P49 -> 0.09603 | R49: =+Q49 -> 0.09603 | ... U49: =+T49 -> 0.09603 | V49: =CA49*$F$8 -> 1.15236 | W49: =+AI49/12 -> 0.14647 | X49: =+W49 -> 0.14647 | Y49: =+X49 -> 0.14647 | Z49: =+Y49 -> 0.14647 | AA49: =+Z49 -> 0.14647 | AB49: =+AA49 -> 0.14647 | AC49: =+AB49 -> 0.14647 | AD49: =+AC49 -> 0.14647 | AE49: =+AD49 -> 0.14647 | ... AH49: =+AG49 -> 0.14647 | AI49: =CB49*$F$8 -> 1.75764 | AJ49: =CC49*$F$8 -> 9.57972 | AL49: =+ROUNDDOWN($AK49*E49,-1) -> 0 | AM49: =+ROUNDDOWN($AK49*F49,-1) -> 0 | AN49: =+ROUNDDOWN($AK49*G49,-1) -> 0 | AO49: =+ROUNDDOWN($AK49*H49,-1) -> 0 | AP49: =+ROUNDDOWN($AK49*I49,-1) -> 0 | AQ49: =+ROUNDDOWN($AK49*J49,-1) -> 0 | AR49: =+ROUNDDOWN($AK49*K49,-1) -> 0 | AS49: =+ROUNDDOWN($AK49*L49,-1) -> 0 | ... BP49: =+ROUNDDOWN($AK49*AI49,-1) -> 0 | BQ49: =SUM(AM49,AO49,BC49,BP49) -> 0 | BW49: 8.9046 | BX49: 0 | BY49: 2.2116 | BZ49: 0 | CA49: 1.9206 | CB49: 2.9294 | CC49: 15.9662
B50: 16~19년납 | C50: - | E50: =CC50/1200% -> 1.636875 | F50: =BW50*$F$8 -> 5.5872 | G50: =BX50*$F$8 -> 0 | H50: =BY50*$F$8 -> 1.3968 | I50: =BZ50*$F$8 -> 0 | J50: =+V50/12 -> 0.106215 | K50: =+J50 -> 0.106215 | L50: =+K50 -> 0.106215 | M50: =+L50 -> 0.106215 | N50: =+M50 -> 0.106215 | O50: =+N50 -> 0.106215 | P50: =+O50 -> 0.106215 | Q50: =+P50 -> 0.106215 | R50: =+Q50 -> 0.106215 | ... U50: =+T50 -> 0.106215 | V50: =CA50*$F$8 -> 1.27458 | W50: =+AI50/12 -> 0.29391 | X50: =+W50 -> 0.29391 | Y50: =+X50 -> 0.29391 | Z50: =+Y50 -> 0.29391 | AA50: =+Z50 -> 0.29391 | AB50: =+AA50 -> 0.29391 | AC50: =+AB50 -> 0.29391 | AD50: =+AC50 -> 0.29391 | AE50: =+AD50 -> 0.29391 | ... AH50: =+AG50 -> 0.29391 | AI50: =CB50*$F$8 -> 3.52692 | AJ50: =CC50*$F$8 -> 11.7855 | AL50: =+ROUNDDOWN($AK50*E50,-1) -> 0 | AM50: =+ROUNDDOWN($AK50*F50,-1) -> 0 | AN50: =+ROUNDDOWN($AK50*G50,-1) -> 0 | AO50: =+ROUNDDOWN($AK50*H50,-1) -> 0 | AP50: =+ROUNDDOWN($AK50*I50,-1) -> 0 | AQ50: =+ROUNDDOWN($AK50*J50,-1) -> 0 | AR50: =+ROUNDDOWN($AK50*K50,-1) -> 0 | AS50: =+ROUNDDOWN($AK50*L50,-1) -> 0 | ... BP50: =+ROUNDDOWN($AK50*AI50,-1) -> 0 | BQ50: =SUM(AM50,AO50,BC50,BP50) -> 0 | BW50: 9.312 | BX50: 0 | BY50: 2.328 | BZ50: 0 | CA50: 2.1243 | CB50: 5.8782 | CC50: 19.6425
B51: 20년납이상 | C51: - | E51: =CC51/1200% -> 1.6393 | F51: =BW51*$F$8 -> 5.81418 | G51: =BX51*$F$8 -> 0 | H51: =BY51*$F$8 -> 1.90314 | I51: =BZ51*$F$8 -> 0 | J51: =+V51/12 -> 0.07857 | K51: =+J51 -> 0.07857 | L51: =+K51 -> 0.07857 | M51: =+L51 -> 0.07857 | N51: =+M51 -> 0.07857 | O51: =+N51 -> 0.07857 | P51: =+O51 -> 0.07857 | Q51: =+P51 -> 0.07857 | R51: =+Q51 -> 0.07857 | ... U51: =+T51 -> 0.07857 | V51: =CA51*$F$8 -> 0.94284 | W51: =+AI51/12 -> 0.2619 | X51: =+W51 -> 0.2619 | Y51: =+X51 -> 0.2619 | Z51: =+Y51 -> 0.2619 | AA51: =+Z51 -> 0.2619 | AB51: =+AA51 -> 0.2619 | AC51: =+AB51 -> 0.2619 | AD51: =+AC51 -> 0.2619 | AE51: =+AD51 -> 0.2619 | ... AH51: =+AG51 -> 0.2619 | AI51: =CB51*$F$8 -> 3.1428 | AJ51: =CC51*$F$8 -> 11.80296 | AL51: =+ROUNDDOWN($AK51*E51,-1) -> 0 | AM51: =+ROUNDDOWN($AK51*F51,-1) -> 0 | AN51: =+ROUNDDOWN($AK51*G51,-1) -> 0 | AO51: =+ROUNDDOWN($AK51*H51,-1) -> 0 | AP51: =+ROUNDDOWN($AK51*I51,-1) -> 0 | AQ51: =+ROUNDDOWN($AK51*J51,-1) -> 0 | AR51: =+ROUNDDOWN($AK51*K51,-1) -> 0 | AS51: =+ROUNDDOWN($AK51*L51,-1) -> 0 | ... BP51: =+ROUNDDOWN($AK51*AI51,-1) -> 0 | BQ51: =SUM(AM51,AO51,BC51,BP51) -> 0 | BW51: 9.6903 | BX51: 0 | BY51: 3.1719 | BZ51: 0 | CA51: 1.5714 | CB51: 5.238 | CC51: 19.6716
A52: KB 라이프 역모기지 종신보험 무배당(해약환급금 일부지급형)(일반심사형) | B52: 5년납 | C52: - | E52: =CC52/1200% -> 0.797825 | F52: =BW52*$F$8 -> 4.24278 | G52: =BX52*$F$8 -> 0 | H52: =BY52*$F$8 -> 0.64602 | I52: =BZ52*$F$8 -> 0 | J52: =+V52/12 -> 0.053835 | K52: =+J52 -> 0.053835 | L52: =+K52 -> 0.053835 | M52: =+L52 -> 0.053835 | N52: =+M52 -> 0.053835 | O52: =+N52 -> 0.053835 | P52: =+O52 -> 0.053835 | Q52: =+P52 -> 0.053835 | R52: =+Q52 -> 0.053835 | ... U52: =+T52 -> 0.053835 | V52: =CA52*$F$8 -> 0.64602 | W52: =+AI52/12 -> 0.01746 | X52: =+W52 -> 0.01746 | Y52: =+X52 -> 0.01746 | Z52: =+Y52 -> 0.01746 | AA52: =+Z52 -> 0.01746 | AB52: =+AA52 -> 0.01746 | AC52: =+AB52 -> 0.01746 | AD52: =+AC52 -> 0.01746 | AE52: =+AD52 -> 0.01746 | ... AH52: =+AG52 -> 0.01746 | AI52: =CB52*$F$8 -> 0.20952 | AJ52: =CC52*$F$8 -> 5.74434 | AL52: =+ROUNDDOWN($AK52*E52,-1) -> 0 | AM52: =+ROUNDDOWN($AK52*F52,-1) -> 0 | AN52: =+ROUNDDOWN($AK52*G52,-1) -> 0 | AO52: =+ROUNDDOWN($AK52*H52,-1) -> 0 | AP52: =+ROUNDDOWN($AK52*I52,-1) -> 0 | AQ52: =+ROUNDDOWN($AK52*J52,-1) -> 0 | AR52: =+ROUNDDOWN($AK52*K52,-1) -> 0 | AS52: =+ROUNDDOWN($AK52*L52,-1) -> 0 | ... BP52: =+ROUNDDOWN($AK52*AI52,-1) -> 0 | BQ52: =SUM(AM52,AO52,BC52,BP52) -> 0 | BW52: 7.0713 | BX52: 0 | BY52: 1.0767 | BZ52: 0 | CA52: 1.0767 | CB52: 0.3492 | CC52: 9.5739
B53: 6~10년납 | C53: - | E53: =CC53/1200% -> 0.914225 | F53: =BW53*$F$8 -> 5.01102 | G53: =BX53*$F$8 -> 0 | H53: =BY53*$F$8 -> 0.6984 | I53: =BZ53*$F$8 -> 0 | J53: =+V53/12 -> 0.05529 | K53: =+J53 -> 0.05529 | L53: =+K53 -> 0.05529 | M53: =+L53 -> 0.05529 | N53: =+M53 -> 0.05529 | O53: =+N53 -> 0.05529 | P53: =+O53 -> 0.05529 | Q53: =+P53 -> 0.05529 | R53: =+Q53 -> 0.05529 | ... U53: =+T53 -> 0.05529 | V53: =CA53*$F$8 -> 0.66348 | W53: =+AI53/12 -> 0.01746 | X53: =+W53 -> 0.01746 | Y53: =+X53 -> 0.01746 | Z53: =+Y53 -> 0.01746 | AA53: =+Z53 -> 0.01746 | AB53: =+AA53 -> 0.01746 | AC53: =+AB53 -> 0.01746 | AD53: =+AC53 -> 0.01746 | AE53: =+AD53 -> 0.01746 | ... AH53: =+AG53 -> 0.01746 | AI53: =CB53*$F$8 -> 0.20952 | AJ53: =CC53*$F$8 -> 6.58242 | AL53: =+ROUNDDOWN($AK53*E53,-1) -> 0 | AM53: =+ROUNDDOWN($AK53*F53,-1) -> 0 | AN53: =+ROUNDDOWN($AK53*G53,-1) -> 0 | AO53: =+ROUNDDOWN($AK53*H53,-1) -> 0 | AP53: =+ROUNDDOWN($AK53*I53,-1) -> 0 | AQ53: =+ROUNDDOWN($AK53*J53,-1) -> 0 | AR53: =+ROUNDDOWN($AK53*K53,-1) -> 0 | AS53: =+ROUNDDOWN($AK53*L53,-1) -> 0 | ... BP53: =+ROUNDDOWN($AK53*AI53,-1) -> 0 | BQ53: =SUM(AM53,AO53,BC53,BP53) -> 0 | BW53: 8.3517 | BX53: 0 | BY53: 1.164 | BZ53: 0 | CA53: 1.1058 | CB53: 0.3492 | CC53: 10.9707
B54: 11~15년납 | C54: - | E54: =CC54/1200% -> 1.37255 | F54: =BW54*$F$8 -> 5.16816 | G54: =BX54*$F$8 -> 0 | H54: =BY54*$F$8 -> 3.10788 | I54: =BZ54*$F$8 -> 0 | J54: =+V54/12 -> 0.1164 | K54: =+J54 -> 0.1164 | L54: =+K54 -> 0.1164 | M54: =+L54 -> 0.1164 | N54: =+M54 -> 0.1164 | O54: =+N54 -> 0.1164 | P54: =+O54 -> 0.1164 | Q54: =+P54 -> 0.1164 | R54: =+Q54 -> 0.1164 | ... U54: =+T54 -> 0.1164 | V54: =CA54*$F$8 -> 1.3968 | W54: =+AI54/12 -> 0.01746 | X54: =+W54 -> 0.01746 | Y54: =+X54 -> 0.01746 | Z54: =+Y54 -> 0.01746 | AA54: =+Z54 -> 0.01746 | AB54: =+AA54 -> 0.01746 | AC54: =+AB54 -> 0.01746 | AD54: =+AC54 -> 0.01746 | AE54: =+AD54 -> 0.01746 | ... AH54: =+AG54 -> 0.01746 | AI54: =CB54*$F$8 -> 0.20952 | AJ54: =CC54*$F$8 -> 9.88236 | AL54: =+ROUNDDOWN($AK54*E54,-1) -> 0 | AM54: =+ROUNDDOWN($AK54*F54,-1) -> 0 | AN54: =+ROUNDDOWN($AK54*G54,-1) -> 0 | AO54: =+ROUNDDOWN($AK54*H54,-1) -> 0 | AP54: =+ROUNDDOWN($AK54*I54,-1) -> 0 | AQ54: =+ROUNDDOWN($AK54*J54,-1) -> 0 | AR54: =+ROUNDDOWN($AK54*K54,-1) -> 0 | AS54: =+ROUNDDOWN($AK54*L54,-1) -> 0 | ... BP54: =+ROUNDDOWN($AK54*AI54,-1) -> 0 | BQ54: =SUM(AM54,AO54,BC54,BP54) -> 0 | BW54: 8.6136 | BX54: 0 | BY54: 5.1798 | BZ54: 0 | CA54: 2.328 | CB54: 0.3492 | CC54: 16.4706
B55: 16~19년납 | C55: - | E55: =CC55/1200% -> 1.6296 | F55: =BW55*$F$8 -> 5.7618 | G55: =BX55*$F$8 -> 0 | H55: =BY55*$F$8 -> 3.7539 | I55: =BZ55*$F$8 -> 0 | J55: =+V55/12 -> 0.167325 | K55: =+J55 -> 0.167325 | L55: =+K55 -> 0.167325 | M55: =+L55 -> 0.167325 | N55: =+M55 -> 0.167325 | O55: =+N55 -> 0.167325 | P55: =+O55 -> 0.167325 | Q55: =+P55 -> 0.167325 | R55: =+Q55 -> 0.167325 | ... U55: =+T55 -> 0.167325 | V55: =CA55*$F$8 -> 2.0079 | W55: =+AI55/12 -> 0.01746 | X55: =+W55 -> 0.01746 | Y55: =+X55 -> 0.01746 | Z55: =+Y55 -> 0.01746 | AA55: =+Z55 -> 0.01746 | AB55: =+AA55 -> 0.01746 | AC55: =+AB55 -> 0.01746 | AD55: =+AC55 -> 0.01746 | AE55: =+AD55 -> 0.01746 | ... AH55: =+AG55 -> 0.01746 | AI55: =CB55*$F$8 -> 0.20952 | AJ55: =CC55*$F$8 -> 11.73312 | AL55: =+ROUNDDOWN($AK55*E55,-1) -> 0 | AM55: =+ROUNDDOWN($AK55*F55,-1) -> 0 | AN55: =+ROUNDDOWN($AK55*G55,-1) -> 0 | AO55: =+ROUNDDOWN($AK55*H55,-1) -> 0 | AP55: =+ROUNDDOWN($AK55*I55,-1) -> 0 | AQ55: =+ROUNDDOWN($AK55*J55,-1) -> 0 | AR55: =+ROUNDDOWN($AK55*K55,-1) -> 0 | AS55: =+ROUNDDOWN($AK55*L55,-1) -> 0 | ... BP55: =+ROUNDDOWN($AK55*AI55,-1) -> 0 | BQ55: =SUM(AM55,AO55,BC55,BP55) -> 0 | BW55: 9.603 | BX55: 0 | BY55: 6.2565 | BZ55: 0 | CA55: 3.3465 | CB55: 0.3492 | CC55: 19.5552
B56: 20년납이상 | C56: - | E56: =CC56/1200% -> 1.651425 | F56: =BW56*$F$8 -> 5.86656 | G56: =BX56*$F$8 -> 0 | H56: =BY56*$F$8 -> 3.98088 | I56: =BZ56*$F$8 -> 0 | J56: =+V56/12 -> 0.152775 | K56: =+J56 -> 0.152775 | L56: =+K56 -> 0.152775 | M56: =+L56 -> 0.152775 | N56: =+M56 -> 0.152775 | O56: =+N56 -> 0.152775 | P56: =+O56 -> 0.152775 | Q56: =+P56 -> 0.152775 | R56: =+Q56 -> 0.152775 | ... U56: =+T56 -> 0.152775 | V56: =CA56*$F$8 -> 1.8333 | W56: =+AI56/12 -> 0.01746 | X56: =+W56 -> 0.01746 | Y56: =+X56 -> 0.01746 | Z56: =+Y56 -> 0.01746 | AA56: =+Z56 -> 0.01746 | AB56: =+AA56 -> 0.01746 | AC56: =+AB56 -> 0.01746 | AD56: =+AC56 -> 0.01746 | AE56: =+AD56 -> 0.01746 | ... AH56: =+AG56 -> 0.01746 | AI56: =CB56*$F$8 -> 0.20952 | AJ56: =CC56*$F$8 -> 11.89026 | AL56: =+ROUNDDOWN($AK56*E56,-1) -> 0 | AM56: =+ROUNDDOWN($AK56*F56,-1) -> 0 | AN56: =+ROUNDDOWN($AK56*G56,-1) -> 0 | AO56: =+ROUNDDOWN($AK56*H56,-1) -> 0 | AP56: =+ROUNDDOWN($AK56*I56,-1) -> 0 | AQ56: =+ROUNDDOWN($AK56*J56,-1) -> 0 | AR56: =+ROUNDDOWN($AK56*K56,-1) -> 0 | AS56: =+ROUNDDOWN($AK56*L56,-1) -> 0 | ... BP56: =+ROUNDDOWN($AK56*AI56,-1) -> 0 | BQ56: =SUM(AM56,AO56,BC56,BP56) -> 0 | BW56: 9.7776 | BX56: 0 | BY56: 6.6348 | BZ56: 0 | CA56: 3.0555 | CB56: 0.3492 | CC56: 19.8171
A57: KB 라이프 역모기지 종신보험 무배당(해약환급금 일부지급형)(간편심사형) | B57: 5년납 | C57: - | E57: =CC57/1200% -> 0.8051 | F57: =BW57*$F$8 -> 4.1904 | G57: =BX57*$F$8 -> 0 | H57: =BY57*$F$8 -> 0.6984 | I57: =BZ57*$F$8 -> 0 | J57: =+V57/12 -> 0.0582 | K57: =+J57 -> 0.0582 | L57: =+K57 -> 0.0582 | M57: =+L57 -> 0.0582 | N57: =+M57 -> 0.0582 | O57: =+N57 -> 0.0582 | P57: =+O57 -> 0.0582 | Q57: =+P57 -> 0.0582 | R57: =+Q57 -> 0.0582 | ... U57: =+T57 -> 0.0582 | V57: =CA57*$F$8 -> 0.6984 | W57: =+AI57/12 -> 0.01746 | X57: =+W57 -> 0.01746 | Y57: =+X57 -> 0.01746 | Z57: =+Y57 -> 0.01746 | AA57: =+Z57 -> 0.01746 | AB57: =+AA57 -> 0.01746 | AC57: =+AB57 -> 0.01746 | AD57: =+AC57 -> 0.01746 | AE57: =+AD57 -> 0.01746 | ... AH57: =+AG57 -> 0.01746 | AI57: =CB57*$F$8 -> 0.20952 | AJ57: =CC57*$F$8 -> 5.79672 | AL57: =+ROUNDDOWN($AK57*E57,-1) -> 0 | AM57: =+ROUNDDOWN($AK57*F57,-1) -> 0 | AN57: =+ROUNDDOWN($AK57*G57,-1) -> 0 | AO57: =+ROUNDDOWN($AK57*H57,-1) -> 0 | AP57: =+ROUNDDOWN($AK57*I57,-1) -> 0 | AQ57: =+ROUNDDOWN($AK57*J57,-1) -> 0 | AR57: =+ROUNDDOWN($AK57*K57,-1) -> 0 | AS57: =+ROUNDDOWN($AK57*L57,-1) -> 0 | ... BP57: =+ROUNDDOWN($AK57*AI57,-1) -> 0 | BQ57: =SUM(AM57,AO57,BC57,BP57) -> 0 | BW57: 6.984 | BX57: 0 | BY57: 1.164 | BZ57: 0 | CA57: 1.164 | CB57: 0.3492 | CC57: 9.6612
B58: 6~10년납 | C58: - | E58: =CC58/1200% -> 0.919075 | F58: =BW58*$F$8 -> 4.9761 | G58: =BX58*$F$8 -> 0 | H58: =BY58*$F$8 -> 0.73332 | I58: =BZ58*$F$8 -> 0 | J58: =+V58/12 -> 0.0582 | K58: =+J58 -> 0.0582 | L58: =+K58 -> 0.0582 | M58: =+L58 -> 0.0582 | N58: =+M58 -> 0.0582 | O58: =+N58 -> 0.0582 | P58: =+O58 -> 0.0582 | Q58: =+P58 -> 0.0582 | R58: =+Q58 -> 0.0582 | ... U58: =+T58 -> 0.0582 | V58: =CA58*$F$8 -> 0.6984 | W58: =+AI58/12 -> 0.01746 | X58: =+W58 -> 0.01746 | Y58: =+X58 -> 0.01746 | Z58: =+Y58 -> 0.01746 | AA58: =+Z58 -> 0.01746 | AB58: =+AA58 -> 0.01746 | AC58: =+AB58 -> 0.01746 | AD58: =+AC58 -> 0.01746 | AE58: =+AD58 -> 0.01746 | ... AH58: =+AG58 -> 0.01746 | AI58: =CB58*$F$8 -> 0.20952 | AJ58: =CC58*$F$8 -> 6.61734 | AL58: =+ROUNDDOWN($AK58*E58,-1) -> 0 | AM58: =+ROUNDDOWN($AK58*F58,-1) -> 0 | AN58: =+ROUNDDOWN($AK58*G58,-1) -> 0 | AO58: =+ROUNDDOWN($AK58*H58,-1) -> 0 | AP58: =+ROUNDDOWN($AK58*I58,-1) -> 0 | AQ58: =+ROUNDDOWN($AK58*J58,-1) -> 0 | AR58: =+ROUNDDOWN($AK58*K58,-1) -> 0 | AS58: =+ROUNDDOWN($AK58*L58,-1) -> 0 | ... BP58: =+ROUNDDOWN($AK58*AI58,-1) -> 0 | BQ58: =SUM(AM58,AO58,BC58,BP58) -> 0 | BW58: 8.2935 | BX58: 0 | BY58: 1.2222 | BZ58: 0 | CA58: 1.164 | CB58: 0.3492 | CC58: 11.0289
B59: 11~15년납 | C59: - | E59: =CC59/1200% -> 1.370125 | F59: =BW59*$F$8 -> 5.13324 | G59: =BX59*$F$8 -> 0 | H59: =BY59*$F$8 -> 3.12534 | I59: =BZ59*$F$8 -> 0 | J59: =+V59/12 -> 0.1164 | K59: =+J59 -> 0.1164 | L59: =+K59 -> 0.1164 | M59: =+L59 -> 0.1164 | N59: =+M59 -> 0.1164 | O59: =+N59 -> 0.1164 | P59: =+O59 -> 0.1164 | Q59: =+P59 -> 0.1164 | R59: =+Q59 -> 0.1164 | ... U59: =+T59 -> 0.1164 | V59: =CA59*$F$8 -> 1.3968 | W59: =+AI59/12 -> 0.01746 | X59: =+W59 -> 0.01746 | Y59: =+X59 -> 0.01746 | Z59: =+Y59 -> 0.01746 | AA59: =+Z59 -> 0.01746 | AB59: =+AA59 -> 0.01746 | AC59: =+AB59 -> 0.01746 | AD59: =+AC59 -> 0.01746 | AE59: =+AD59 -> 0.01746 | ... AH59: =+AG59 -> 0.01746 | AI59: =CB59*$F$8 -> 0.20952 | AJ59: =CC59*$F$8 -> 9.8649 | AL59: =+ROUNDDOWN($AK59*E59,-1) -> 0 | AM59: =+ROUNDDOWN($AK59*F59,-1) -> 0 | AN59: =+ROUNDDOWN($AK59*G59,-1) -> 0 | AO59: =+ROUNDDOWN($AK59*H59,-1) -> 0 | AP59: =+ROUNDDOWN($AK59*I59,-1) -> 0 | AQ59: =+ROUNDDOWN($AK59*J59,-1) -> 0 | AR59: =+ROUNDDOWN($AK59*K59,-1) -> 0 | AS59: =+ROUNDDOWN($AK59*L59,-1) -> 0 | ... BP59: =+ROUNDDOWN($AK59*AI59,-1) -> 0 | BQ59: =SUM(AM59,AO59,BC59,BP59) -> 0 | BW59: 8.5554 | BX59: 0 | BY59: 5.2089 | BZ59: 0 | CA59: 2.328 | CB59: 0.3492 | CC59: 16.4415
B60: 16~19년납 | C60: - | E60: =CC60/1200% -> 1.6102 | F60: =BW60*$F$8 -> 5.70942 | G60: =BX60*$F$8 -> 0 | H60: =BY60*$F$8 -> 3.3174 | I60: =BZ60*$F$8 -> 0 | J60: =+V60/12 -> 0.196425 | K60: =+J60 -> 0.196425 | L60: =+K60 -> 0.196425 | M60: =+L60 -> 0.196425 | N60: =+M60 -> 0.196425 | O60: =+N60 -> 0.196425 | P60: =+O60 -> 0.196425 | Q60: =+P60 -> 0.196425 | R60: =+Q60 -> 0.196425 | ... U60: =+T60 -> 0.196425 | V60: =CA60*$F$8 -> 2.3571 | W60: =+AI60/12 -> 0.01746 | X60: =+W60 -> 0.01746 | Y60: =+X60 -> 0.01746 | Z60: =+Y60 -> 0.01746 | AA60: =+Z60 -> 0.01746 | AB60: =+AA60 -> 0.01746 | AC60: =+AB60 -> 0.01746 | AD60: =+AC60 -> 0.01746 | AE60: =+AD60 -> 0.01746 | ... AH60: =+AG60 -> 0.01746 | AI60: =CB60*$F$8 -> 0.20952 | AJ60: =CC60*$F$8 -> 11.59344 | AL60: =+ROUNDDOWN($AK60*E60,-1) -> 0 | AM60: =+ROUNDDOWN($AK60*F60,-1) -> 0 | AN60: =+ROUNDDOWN($AK60*G60,-1) -> 0 | AO60: =+ROUNDDOWN($AK60*H60,-1) -> 0 | AP60: =+ROUNDDOWN($AK60*I60,-1) -> 0 | AQ60: =+ROUNDDOWN($AK60*J60,-1) -> 0 | AR60: =+ROUNDDOWN($AK60*K60,-1) -> 0 | AS60: =+ROUNDDOWN($AK60*L60,-1) -> 0 | ... BP60: =+ROUNDDOWN($AK60*AI60,-1) -> 0 | BQ60: =SUM(AM60,AO60,BC60,BP60) -> 0 | BW60: 9.5157 | BX60: 0 | BY60: 5.529 | BZ60: 0 | CA60: 3.9285 | CB60: 0.3492 | CC60: 19.3224
B61: 20년납이상 | C61: - | E61: =CC61/1200% -> 1.656275 | F61: =BW61*$F$8 -> 5.86656 | G61: =BX61*$F$8 -> 0 | H61: =BY61*$F$8 -> 3.492 | I61: =BZ61*$F$8 -> 0 | J61: =+V61/12 -> 0.196425 | K61: =+J61 -> 0.196425 | L61: =+K61 -> 0.196425 | M61: =+L61 -> 0.196425 | N61: =+M61 -> 0.196425 | O61: =+N61 -> 0.196425 | P61: =+O61 -> 0.196425 | Q61: =+P61 -> 0.196425 | R61: =+Q61 -> 0.196425 | ... U61: =+T61 -> 0.196425 | V61: =CA61*$F$8 -> 2.3571 | W61: =+AI61/12 -> 0.01746 | X61: =+W61 -> 0.01746 | Y61: =+X61 -> 0.01746 | Z61: =+Y61 -> 0.01746 | AA61: =+Z61 -> 0.01746 | AB61: =+AA61 -> 0.01746 | AC61: =+AB61 -> 0.01746 | AD61: =+AC61 -> 0.01746 | AE61: =+AD61 -> 0.01746 | ... AH61: =+AG61 -> 0.01746 | AI61: =CB61*$F$8 -> 0.20952 | AJ61: =CC61*$F$8 -> 11.92518 | AL61: =+ROUNDDOWN($AK61*E61,-1) -> 0 | AM61: =+ROUNDDOWN($AK61*F61,-1) -> 0 | AN61: =+ROUNDDOWN($AK61*G61,-1) -> 0 | AO61: =+ROUNDDOWN($AK61*H61,-1) -> 0 | AP61: =+ROUNDDOWN($AK61*I61,-1) -> 0 | AQ61: =+ROUNDDOWN($AK61*J61,-1) -> 0 | AR61: =+ROUNDDOWN($AK61*K61,-1) -> 0 | AS61: =+ROUNDDOWN($AK61*L61,-1) -> 0 | ... BP61: =+ROUNDDOWN($AK61*AI61,-1) -> 0 | BQ61: =SUM(AM61,AO61,BC61,BP61) -> 0 | BW61: 9.7776 | BX61: 0 | BY61: 5.82 | BZ61: 0 | CA61: 3.9285 | CB61: 0.3492 | CC61: 19.8753
A62: KB 라이프 역모기지 종신보험 무배당(해약환급금 미지급형) | B62: 5년납 | C62: - | E62: =CC62/1200% -> 0.6111 | F62: =BW62*$F$8 -> 3.492 | G62: =BX62*$F$8 -> 0 | H62: =BY62*$F$8 -> 0.3492 | I62: =BZ62*$F$8 -> 0 | J62: =+V62/12 -> 0.0291 | K62: =+J62 -> 0.0291 | L62: =+K62 -> 0.0291 | M62: =+L62 -> 0.0291 | N62: =+M62 -> 0.0291 | O62: =+N62 -> 0.0291 | P62: =+O62 -> 0.0291 | Q62: =+P62 -> 0.0291 | R62: =+Q62 -> 0.0291 | ... U62: =+T62 -> 0.0291 | V62: =CA62*$F$8 -> 0.3492 | W62: =+AI62/12 -> 0.01746 | X62: =+W62 -> 0.01746 | Y62: =+X62 -> 0.01746 | Z62: =+Y62 -> 0.01746 | AA62: =+Z62 -> 0.01746 | AB62: =+AA62 -> 0.01746 | AC62: =+AB62 -> 0.01746 | AD62: =+AC62 -> 0.01746 | AE62: =+AD62 -> 0.01746 | ... AH62: =+AG62 -> 0.01746 | AI62: =CB62*$F$8 -> 0.20952 | AJ62: =CC62*$F$8 -> 4.39992 | AL62: =+ROUNDDOWN($AK62*E62,-1) -> 0 | AM62: =+ROUNDDOWN($AK62*F62,-1) -> 0 | AN62: =+ROUNDDOWN($AK62*G62,-1) -> 0 | AO62: =+ROUNDDOWN($AK62*H62,-1) -> 0 | AP62: =+ROUNDDOWN($AK62*I62,-1) -> 0 | AQ62: =+ROUNDDOWN($AK62*J62,-1) -> 0 | AR62: =+ROUNDDOWN($AK62*K62,-1) -> 0 | AS62: =+ROUNDDOWN($AK62*L62,-1) -> 0 | ... BP62: =+ROUNDDOWN($AK62*AI62,-1) -> 0 | BQ62: =SUM(AM62,AO62,BC62,BP62) -> 0 | BW62: 5.82 | BX62: 0 | BY62: 0.582 | BZ62: 0 | CA62: 0.582 | CB62: 0.3492 | CC62: 7.3332
B63: 10년납 | C63: - | E63: =CC63/1200% -> 1.059725 | F63: =BW63*$F$8 -> 5.36022 | G63: =BX63*$F$8 -> 0 | H63: =BY63*$F$8 -> 1.27458 | I63: =BZ63*$F$8 -> 0 | J63: =+V63/12 -> 0.065475 | K63: =+J63 -> 0.065475 | L63: =+K63 -> 0.065475 | M63: =+L63 -> 0.065475 | N63: =+M63 -> 0.065475 | O63: =+N63 -> 0.065475 | P63: =+O63 -> 0.065475 | Q63: =+P63 -> 0.065475 | R63: =+Q63 -> 0.065475 | ... U63: =+T63 -> 0.065475 | V63: =CA63*$F$8 -> 0.7857 | W63: =+AI63/12 -> 0.01746 | X63: =+W63 -> 0.01746 | Y63: =+X63 -> 0.01746 | Z63: =+Y63 -> 0.01746 | AA63: =+Z63 -> 0.01746 | AB63: =+AA63 -> 0.01746 | AC63: =+AB63 -> 0.01746 | AD63: =+AC63 -> 0.01746 | AE63: =+AD63 -> 0.01746 | ... AH63: =+AG63 -> 0.01746 | AI63: =CB63*$F$8 -> 0.20952 | AJ63: =CC63*$F$8 -> 7.63002 | AL63: =+ROUNDDOWN($AK63*E63,-1) -> 0 | AM63: =+ROUNDDOWN($AK63*F63,-1) -> 0 | AN63: =+ROUNDDOWN($AK63*G63,-1) -> 0 | AO63: =+ROUNDDOWN($AK63*H63,-1) -> 0 | AP63: =+ROUNDDOWN($AK63*I63,-1) -> 0 | AQ63: =+ROUNDDOWN($AK63*J63,-1) -> 0 | AR63: =+ROUNDDOWN($AK63*K63,-1) -> 0 | AS63: =+ROUNDDOWN($AK63*L63,-1) -> 0 | ... BP63: =+ROUNDDOWN($AK63*AI63,-1) -> 0 | BQ63: =SUM(AM63,AO63,BC63,BP63) -> 0 | BW63: 8.9337 | BX63: 0 | BY63: 2.1243 | BZ63: 0 | CA63: 1.3095 | CB63: 0.3492 | CC63: 12.7167
B64: 15년납 | C64: - | E64: =CC64/1200% -> 1.408925 | F64: =BW64*$F$8 -> 5.86656 | G64: =BX64*$F$8 -> 0 | H64: =BY64*$F$8 -> 3.28248 | I64: =BZ64*$F$8 -> 0 | J64: =+V64/12 -> 0.065475 | K64: =+J64 -> 0.065475 | L64: =+K64 -> 0.065475 | M64: =+L64 -> 0.065475 | N64: =+M64 -> 0.065475 | O64: =+N64 -> 0.065475 | P64: =+O64 -> 0.065475 | Q64: =+P64 -> 0.065475 | R64: =+Q64 -> 0.065475 | ... U64: =+T64 -> 0.065475 | V64: =CA64*$F$8 -> 0.7857 | W64: =+AI64/12 -> 0.01746 | X64: =+W64 -> 0.01746 | Y64: =+X64 -> 0.01746 | Z64: =+Y64 -> 0.01746 | AA64: =+Z64 -> 0.01746 | AB64: =+AA64 -> 0.01746 | AC64: =+AB64 -> 0.01746 | AD64: =+AC64 -> 0.01746 | AE64: =+AD64 -> 0.01746 | ... AH64: =+AG64 -> 0.01746 | AI64: =CB64*$F$8 -> 0.20952 | AJ64: =CC64*$F$8 -> 10.14426 | AL64: =+ROUNDDOWN($AK64*E64,-1) -> 0 | AM64: =+ROUNDDOWN($AK64*F64,-1) -> 0 | AN64: =+ROUNDDOWN($AK64*G64,-1) -> 0 | AO64: =+ROUNDDOWN($AK64*H64,-1) -> 0 | AP64: =+ROUNDDOWN($AK64*I64,-1) -> 0 | AQ64: =+ROUNDDOWN($AK64*J64,-1) -> 0 | AR64: =+ROUNDDOWN($AK64*K64,-1) -> 0 | AS64: =+ROUNDDOWN($AK64*L64,-1) -> 0 | ... BP64: =+ROUNDDOWN($AK64*AI64,-1) -> 0 | BQ64: =SUM(AM64,AO64,BC64,BP64) -> 0 | BW64: 9.7776 | BX64: 0 | BY64: 5.4708 | BZ64: 0 | CA64: 1.3095 | CB64: 0.3492 | CC64: 16.9071
B65: 20년납이상 | C65: - | E65: =CC65/1200% -> 1.699925 | F65: =BW65*$F$8 -> 5.86656 | G65: =BX65*$F$8 -> 0 | H65: =BY65*$F$8 -> 3.36978 | I65: =BZ65*$F$8 -> 0 | J65: =+V65/12 -> 0.2328 | K65: =+J65 -> 0.2328 | L65: =+K65 -> 0.2328 | M65: =+L65 -> 0.2328 | N65: =+M65 -> 0.2328 | O65: =+N65 -> 0.2328 | P65: =+O65 -> 0.2328 | Q65: =+P65 -> 0.2328 | R65: =+Q65 -> 0.2328 | ... U65: =+T65 -> 0.2328 | V65: =CA65*$F$8 -> 2.7936 | W65: =+AI65/12 -> 0.01746 | X65: =+W65 -> 0.01746 | Y65: =+X65 -> 0.01746 | Z65: =+Y65 -> 0.01746 | AA65: =+Z65 -> 0.01746 | AB65: =+AA65 -> 0.01746 | AC65: =+AB65 -> 0.01746 | AD65: =+AC65 -> 0.01746 | AE65: =+AD65 -> 0.01746 | ... AH65: =+AG65 -> 0.01746 | AI65: =CB65*$F$8 -> 0.20952 | AJ65: =CC65*$F$8 -> 12.23946 | AL65: =+ROUNDDOWN($AK65*E65,-1) -> 0 | AM65: =+ROUNDDOWN($AK65*F65,-1) -> 0 | AN65: =+ROUNDDOWN($AK65*G65,-1) -> 0 | AO65: =+ROUNDDOWN($AK65*H65,-1) -> 0 | AP65: =+ROUNDDOWN($AK65*I65,-1) -> 0 | AQ65: =+ROUNDDOWN($AK65*J65,-1) -> 0 | AR65: =+ROUNDDOWN($AK65*K65,-1) -> 0 | AS65: =+ROUNDDOWN($AK65*L65,-1) -> 0 | ... BP65: =+ROUNDDOWN($AK65*AI65,-1) -> 0 | BQ65: =SUM(AM65,AO65,BC65,BP65) -> 0 | BW65: 9.7776 | BX65: 0 | BY65: 5.6163 | BZ65: 0 | CA65: 4.656 | CB65: 0.3492 | CC65: 20.3991
A66: KB 더블업 역모기지 종신보험 무배당(해약환급금 미지급형) | B66: 5년납 | C66: - | E66: =CC66/1200% -> 0.6111 | F66: =BW66*$F$8 -> 3.492 | G66: =BX66*$F$8 -> 0 | H66: =BY66*$F$8 -> 0.3492 | I66: =BZ66*$F$8 -> 0 | J66: =+V66/12 -> 0.0291 | K66: =+J66 -> 0.0291 | L66: =+K66 -> 0.0291 | M66: =+L66 -> 0.0291 | N66: =+M66 -> 0.0291 | O66: =+N66 -> 0.0291 | P66: =+O66 -> 0.0291 | Q66: =+P66 -> 0.0291 | R66: =+Q66 -> 0.0291 | ... U66: =+T66 -> 0.0291 | V66: =CA66*$F$8 -> 0.3492 | W66: =+AI66/12 -> 0.01746 | X66: =+W66 -> 0.01746 | Y66: =+X66 -> 0.01746 | Z66: =+Y66 -> 0.01746 | AA66: =+Z66 -> 0.01746 | AB66: =+AA66 -> 0.01746 | AC66: =+AB66 -> 0.01746 | AD66: =+AC66 -> 0.01746 | AE66: =+AD66 -> 0.01746 | ... AH66: =+AG66 -> 0.01746 | AI66: =CB66*$F$8 -> 0.20952 | AJ66: =CC66*$F$8 -> 4.39992 | AL66: =+ROUNDDOWN($AK66*E66,-1) -> 0 | AM66: =+ROUNDDOWN($AK66*F66,-1) -> 0 | AN66: =+ROUNDDOWN($AK66*G66,-1) -> 0 | AO66: =+ROUNDDOWN($AK66*H66,-1) -> 0 | AP66: =+ROUNDDOWN($AK66*I66,-1) -> 0 | AQ66: =+ROUNDDOWN($AK66*J66,-1) -> 0 | AR66: =+ROUNDDOWN($AK66*K66,-1) -> 0 | AS66: =+ROUNDDOWN($AK66*L66,-1) -> 0 | ... BP66: =+ROUNDDOWN($AK66*AI66,-1) -> 0 | BQ66: =SUM(AM66,AO66,BC66,BP66) -> 0 | BW66: 5.82 | BX66: 0 | BY66: 0.582 | BZ66: 0 | CA66: 0.582 | CB66: 0.3492 | CC66: 7.3332
B67: 10년납 | C67: - | E67: =CC67/1200% -> 1.059725 | F67: =BW67*$F$8 -> 5.36022 | G67: =BX67*$F$8 -> 0 | H67: =BY67*$F$8 -> 1.27458 | I67: =BZ67*$F$8 -> 0 | J67: =+V67/12 -> 0.065475 | K67: =+J67 -> 0.065475 | L67: =+K67 -> 0.065475 | M67: =+L67 -> 0.065475 | N67: =+M67 -> 0.065475 | O67: =+N67 -> 0.065475 | P67: =+O67 -> 0.065475 | Q67: =+P67 -> 0.065475 | R67: =+Q67 -> 0.065475 | ... U67: =+T67 -> 0.065475 | V67: =CA67*$F$8 -> 0.7857 | W67: =+AI67/12 -> 0.01746 | X67: =+W67 -> 0.01746 | Y67: =+X67 -> 0.01746 | Z67: =+Y67 -> 0.01746 | AA67: =+Z67 -> 0.01746 | AB67: =+AA67 -> 0.01746 | AC67: =+AB67 -> 0.01746 | AD67: =+AC67 -> 0.01746 | AE67: =+AD67 -> 0.01746 | ... AH67: =+AG67 -> 0.01746 | AI67: =CB67*$F$8 -> 0.20952 | AJ67: =CC67*$F$8 -> 7.63002 | AL67: =+ROUNDDOWN($AK67*E67,-1) -> 0 | AM67: =+ROUNDDOWN($AK67*F67,-1) -> 0 | AN67: =+ROUNDDOWN($AK67*G67,-1) -> 0 | AO67: =+ROUNDDOWN($AK67*H67,-1) -> 0 | AP67: =+ROUNDDOWN($AK67*I67,-1) -> 0 | AQ67: =+ROUNDDOWN($AK67*J67,-1) -> 0 | AR67: =+ROUNDDOWN($AK67*K67,-1) -> 0 | AS67: =+ROUNDDOWN($AK67*L67,-1) -> 0 | ... BP67: =+ROUNDDOWN($AK67*AI67,-1) -> 0 | BQ67: =SUM(AM67,AO67,BC67,BP67) -> 0 | BW67: 8.9337 | BX67: 0 | BY67: 2.1243 | BZ67: 0 | CA67: 1.3095 | CB67: 0.3492 | CC67: 12.7167
B68: 15년납 | C68: - | E68: =CC68/1200% -> 1.408925 | F68: =BW68*$F$8 -> 5.86656 | G68: =BX68*$F$8 -> 0 | H68: =BY68*$F$8 -> 3.28248 | I68: =BZ68*$F$8 -> 0 | J68: =+V68/12 -> 0.065475 | K68: =+J68 -> 0.065475 | L68: =+K68 -> 0.065475 | M68: =+L68 -> 0.065475 | N68: =+M68 -> 0.065475 | O68: =+N68 -> 0.065475 | P68: =+O68 -> 0.065475 | Q68: =+P68 -> 0.065475 | R68: =+Q68 -> 0.065475 | ... U68: =+T68 -> 0.065475 | V68: =CA68*$F$8 -> 0.7857 | W68: =+AI68/12 -> 0.01746 | X68: =+W68 -> 0.01746 | Y68: =+X68 -> 0.01746 | Z68: =+Y68 -> 0.01746 | AA68: =+Z68 -> 0.01746 | AB68: =+AA68 -> 0.01746 | AC68: =+AB68 -> 0.01746 | AD68: =+AC68 -> 0.01746 | AE68: =+AD68 -> 0.01746 | ... AH68: =+AG68 -> 0.01746 | AI68: =CB68*$F$8 -> 0.20952 | AJ68: =CC68*$F$8 -> 10.14426 | AL68: =+ROUNDDOWN($AK68*E68,-1) -> 0 | AM68: =+ROUNDDOWN($AK68*F68,-1) -> 0 | AN68: =+ROUNDDOWN($AK68*G68,-1) -> 0 | AO68: =+ROUNDDOWN($AK68*H68,-1) -> 0 | AP68: =+ROUNDDOWN($AK68*I68,-1) -> 0 | AQ68: =+ROUNDDOWN($AK68*J68,-1) -> 0 | AR68: =+ROUNDDOWN($AK68*K68,-1) -> 0 | AS68: =+ROUNDDOWN($AK68*L68,-1) -> 0 | ... BP68: =+ROUNDDOWN($AK68*AI68,-1) -> 0 | BQ68: =SUM(AM68,AO68,BC68,BP68) -> 0 | BW68: 9.7776 | BX68: 0 | BY68: 5.4708 | BZ68: 0 | CA68: 1.3095 | CB68: 0.3492 | CC68: 16.9071
B69: 20년납이상 | C69: - | E69: =CC69/1200% -> 1.699925 | F69: =BW69*$F$8 -> 5.86656 | G69: =BX69*$F$8 -> 0 | H69: =BY69*$F$8 -> 3.36978 | I69: =BZ69*$F$8 -> 0 | J69: =+V69/12 -> 0.2328 | K69: =+J69 -> 0.2328 | L69: =+K69 -> 0.2328 | M69: =+L69 -> 0.2328 | N69: =+M69 -> 0.2328 | O69: =+N69 -> 0.2328 | P69: =+O69 -> 0.2328 | Q69: =+P69 -> 0.2328 | R69: =+Q69 -> 0.2328 | ... U69: =+T69 -> 0.2328 | V69: =CA69*$F$8 -> 2.7936 | W69: =+AI69/12 -> 0.01746 | X69: =+W69 -> 0.01746 | Y69: =+X69 -> 0.01746 | Z69: =+Y69 -> 0.01746 | AA69: =+Z69 -> 0.01746 | AB69: =+AA69 -> 0.01746 | AC69: =+AB69 -> 0.01746 | AD69: =+AC69 -> 0.01746 | AE69: =+AD69 -> 0.01746 | ... AH69: =+AG69 -> 0.01746 | AI69: =CB69*$F$8 -> 0.20952 | AJ69: =CC69*$F$8 -> 12.23946 | AL69: =+ROUNDDOWN($AK69*E69,-1) -> 0 | AM69: =+ROUNDDOWN($AK69*F69,-1) -> 0 | AN69: =+ROUNDDOWN($AK69*G69,-1) -> 0 | AO69: =+ROUNDDOWN($AK69*H69,-1) -> 0 | AP69: =+ROUNDDOWN($AK69*I69,-1) -> 0 | AQ69: =+ROUNDDOWN($AK69*J69,-1) -> 0 | AR69: =+ROUNDDOWN($AK69*K69,-1) -> 0 | AS69: =+ROUNDDOWN($AK69*L69,-1) -> 0 | ... BP69: =+ROUNDDOWN($AK69*AI69,-1) -> 0 | BQ69: =SUM(AM69,AO69,BC69,BP69) -> 0 | BW69: 9.7776 | BX69: 0 | BY69: 5.6163 | BZ69: 0 | CA69: 4.656 | CB69: 0.3492 | CC69: 20.3991
A70: KB 역모기지 일시납종신보험 무배당 | B70: 일시납 | C70: - | E70: =CC70/1200% -> 0.0045266667 | F70: =BW70*$F$8 -> 0.032592 | G70: =BX70*$F$8 -> 0 | H70: =BY70*$F$8 -> 0 | I70: =BZ70*$F$8 -> 0 | J70: =+V70/12 -> 0 | K70: =+J70 -> 0 | L70: =+K70 -> 0 | M70: =+L70 -> 0 | N70: =+M70 -> 0 | O70: =+N70 -> 0 | P70: =+O70 -> 0 | Q70: =+P70 -> 0 | R70: =+Q70 -> 0 | ... U70: =+T70 -> 0 | V70: =CA70*$F$8 -> 0 | W70: =+AI70/12 -> 0 | X70: =+W70 -> 0 | Y70: =+X70 -> 0 | Z70: =+Y70 -> 0 | AA70: =+Z70 -> 0 | AB70: =+AA70 -> 0 | AC70: =+AB70 -> 0 | AD70: =+AC70 -> 0 | AE70: =+AD70 -> 0 | ... AH70: =+AG70 -> 0 | AI70: =CB70*$F$8 -> 0 | AJ70: =CC70*$F$8 -> 0.032592 | AL70: =+ROUNDDOWN($AK70*E70,-1) -> 0 | AM70: =+ROUNDDOWN($AK70*F70,-1) -> 0 | AN70: =+ROUNDDOWN($AK70*G70,-1) -> 0 | AO70: =+ROUNDDOWN($AK70*H70,-1) -> 0 | AP70: =+ROUNDDOWN($AK70*I70,-1) -> 0 | AQ70: =+ROUNDDOWN($AK70*J70,-1) -> 0 | AR70: =+ROUNDDOWN($AK70*K70,-1) -> 0 | AS70: =+ROUNDDOWN($AK70*L70,-1) -> 0 | ... BP70: =+ROUNDDOWN($AK70*AI70,-1) -> 0 | BQ70: =SUM(AM70,AO70,BC70,BP70) -> 0 | BW70: 0.05432 | BX70: 0 | BY70: 0 | BZ70: 0 | CA70: 0 | CB70: 0 | CC70: 0.05432
A71: KB 역모기지 체증종신보험 무배당 (해약환급금 일부지급형) | B71: 5년납 | C71: - | E71: =CC71/1200% -> 0.582 | F71: =BW71*$F$8 -> 3.492 | G71: =BX71*$F$8 -> 0 | H71: =BY71*$F$8 -> 0.3492 | I71: =BZ71*$F$8 -> 0 | J71: =+V71/12 -> 0.0291 | K71: =+J71 -> 0.0291 | L71: =+K71 -> 0.0291 | M71: =+L71 -> 0.0291 | N71: =+M71 -> 0.0291 | O71: =+N71 -> 0.0291 | P71: =+O71 -> 0.0291 | Q71: =+P71 -> 0.0291 | R71: =+Q71 -> 0.0291 | ... U71: =+T71 -> 0.0291 | V71: =CA71*$F$8 -> 0.3492 | W71: =+AI71/12 -> 0 | X71: =+W71 -> 0 | Y71: =+X71 -> 0 | Z71: =+Y71 -> 0 | AA71: =+Z71 -> 0 | AB71: =+AA71 -> 0 | AC71: =+AB71 -> 0 | AD71: =+AC71 -> 0 | AE71: =+AD71 -> 0 | ... AH71: =+AG71 -> 0 | AI71: =CB71*$F$8 -> 0 | AJ71: =CC71*$F$8 -> 4.1904 | AL71: =+ROUNDDOWN($AK71*E71,-1) -> 0 | AM71: =+ROUNDDOWN($AK71*F71,-1) -> 0 | AN71: =+ROUNDDOWN($AK71*G71,-1) -> 0 | AO71: =+ROUNDDOWN($AK71*H71,-1) -> 0 | AP71: =+ROUNDDOWN($AK71*I71,-1) -> 0 | AQ71: =+ROUNDDOWN($AK71*J71,-1) -> 0 | AR71: =+ROUNDDOWN($AK71*K71,-1) -> 0 | AS71: =+ROUNDDOWN($AK71*L71,-1) -> 0 | ... BP71: =+ROUNDDOWN($AK71*AI71,-1) -> 0 | BQ71: =SUM(AM71,AO71,BC71,BP71) -> 0 | BW71: 5.82 | BX71: 0 | BY71: 0.582 | BZ71: 0 | CA71: 0.582 | CB71: 0 | CC71: 6.984
B72: 7년납 | C72: - | E72: =CC72/1200% -> 0.582 | F72: =BW72*$F$8 -> 3.492 | G72: =BX72*$F$8 -> 0 | H72: =BY72*$F$8 -> 0.3492 | I72: =BZ72*$F$8 -> 0 | J72: =+V72/12 -> 0.0291 | K72: =+J72 -> 0.0291 | L72: =+K72 -> 0.0291 | M72: =+L72 -> 0.0291 | N72: =+M72 -> 0.0291 | O72: =+N72 -> 0.0291 | P72: =+O72 -> 0.0291 | Q72: =+P72 -> 0.0291 | R72: =+Q72 -> 0.0291 | ... U72: =+T72 -> 0.0291 | V72: =CA72*$F$8 -> 0.3492 | W72: =+AI72/12 -> 0 | X72: =+W72 -> 0 | Y72: =+X72 -> 0 | Z72: =+Y72 -> 0 | AA72: =+Z72 -> 0 | AB72: =+AA72 -> 0 | AC72: =+AB72 -> 0 | AD72: =+AC72 -> 0 | AE72: =+AD72 -> 0 | ... AH72: =+AG72 -> 0 | AI72: =CB72*$F$8 -> 0 | AJ72: =CC72*$F$8 -> 4.1904 | AL72: =+ROUNDDOWN($AK72*E72,-1) -> 0 | AM72: =+ROUNDDOWN($AK72*F72,-1) -> 0 | AN72: =+ROUNDDOWN($AK72*G72,-1) -> 0 | AO72: =+ROUNDDOWN($AK72*H72,-1) -> 0 | AP72: =+ROUNDDOWN($AK72*I72,-1) -> 0 | AQ72: =+ROUNDDOWN($AK72*J72,-1) -> 0 | AR72: =+ROUNDDOWN($AK72*K72,-1) -> 0 | AS72: =+ROUNDDOWN($AK72*L72,-1) -> 0 | ... BP72: =+ROUNDDOWN($AK72*AI72,-1) -> 0 | BQ72: =SUM(AM72,AO72,BC72,BP72) -> 0 | BW72: 5.82 | BX72: 0 | BY72: 0.582 | BZ72: 0 | CA72: 0.582 | CB72: 0 | CC72: 6.984
B73: 10년납 | C73: - | E73: =CC73/1200% -> 0.933625 | F73: =BW73*$F$8 -> 4.85388 | G73: =BX73*$F$8 -> 0 | H73: =BY73*$F$8 -> 1.50156 | I73: =BZ73*$F$8 -> 0 | J73: =+V73/12 -> 0.030555 | K73: =+J73 -> 0.030555 | L73: =+K73 -> 0.030555 | M73: =+L73 -> 0.030555 | N73: =+M73 -> 0.030555 | O73: =+N73 -> 0.030555 | P73: =+O73 -> 0.030555 | Q73: =+P73 -> 0.030555 | R73: =+Q73 -> 0.030555 | ... U73: =+T73 -> 0.030555 | V73: =CA73*$F$8 -> 0.36666 | W73: =+AI73/12 -> 0 | X73: =+W73 -> 0 | Y73: =+X73 -> 0 | Z73: =+Y73 -> 0 | AA73: =+Z73 -> 0 | AB73: =+AA73 -> 0 | AC73: =+AB73 -> 0 | AD73: =+AC73 -> 0 | AE73: =+AD73 -> 0 | ... AH73: =+AG73 -> 0 | AI73: =CB73*$F$8 -> 0 | AJ73: =CC73*$F$8 -> 6.7221 | AL73: =+ROUNDDOWN($AK73*E73,-1) -> 0 | AM73: =+ROUNDDOWN($AK73*F73,-1) -> 0 | AN73: =+ROUNDDOWN($AK73*G73,-1) -> 0 | AO73: =+ROUNDDOWN($AK73*H73,-1) -> 0 | AP73: =+ROUNDDOWN($AK73*I73,-1) -> 0 | AQ73: =+ROUNDDOWN($AK73*J73,-1) -> 0 | AR73: =+ROUNDDOWN($AK73*K73,-1) -> 0 | AS73: =+ROUNDDOWN($AK73*L73,-1) -> 0 | ... BP73: =+ROUNDDOWN($AK73*AI73,-1) -> 0 | BQ73: =SUM(AM73,AO73,BC73,BP73) -> 0 | BW73: 8.0898 | BX73: 0 | BY73: 2.5026 | BZ73: 0 | CA73: 0.6111 | CB73: 0 | CC73: 11.2035
B74: 15년납 | C74: - | E74: =CC74/1200% -> 1.277975 | F74: =BW74*$F$8 -> 5.4126 | G74: =BX74*$F$8 -> 0 | H74: =BY74*$F$8 -> 2.619 | I74: =BZ74*$F$8 -> 0 | J74: =+V74/12 -> 0.097485 | K74: =+J74 -> 0.097485 | L74: =+K74 -> 0.097485 | M74: =+L74 -> 0.097485 | N74: =+M74 -> 0.097485 | O74: =+N74 -> 0.097485 | P74: =+O74 -> 0.097485 | Q74: =+P74 -> 0.097485 | R74: =+Q74 -> 0.097485 | ... U74: =+T74 -> 0.097485 | V74: =CA74*$F$8 -> 1.16982 | W74: =+AI74/12 -> 0 | X74: =+W74 -> 0 | Y74: =+X74 -> 0 | Z74: =+Y74 -> 0 | AA74: =+Z74 -> 0 | AB74: =+AA74 -> 0 | AC74: =+AB74 -> 0 | AD74: =+AC74 -> 0 | AE74: =+AD74 -> 0 | ... AH74: =+AG74 -> 0 | AI74: =CB74*$F$8 -> 0 | AJ74: =CC74*$F$8 -> 9.20142 | AL74: =+ROUNDDOWN($AK74*E74,-1) -> 0 | AM74: =+ROUNDDOWN($AK74*F74,-1) -> 0 | AN74: =+ROUNDDOWN($AK74*G74,-1) -> 0 | AO74: =+ROUNDDOWN($AK74*H74,-1) -> 0 | AP74: =+ROUNDDOWN($AK74*I74,-1) -> 0 | AQ74: =+ROUNDDOWN($AK74*J74,-1) -> 0 | AR74: =+ROUNDDOWN($AK74*K74,-1) -> 0 | AS74: =+ROUNDDOWN($AK74*L74,-1) -> 0 | ... BP74: =+ROUNDDOWN($AK74*AI74,-1) -> 0 | BQ74: =SUM(AM74,AO74,BC74,BP74) -> 0 | BW74: 9.021 | BX74: 0 | BY74: 4.365 | BZ74: 0 | CA74: 1.9497 | CB74: 0 | CC74: 15.3357
B75: 20년납 이상 | C75: - | E75: =CC75/1200% -> 1.57625 | F75: =BW75*$F$8 -> 5.4126 | G75: =BX75*$F$8 -> 0 | H75: =BY75*$F$8 -> 3.0555 | I75: =BZ75*$F$8 -> 0 | J75: =+V75/12 -> 0.240075 | K75: =+J75 -> 0.240075 | L75: =+K75 -> 0.240075 | M75: =+L75 -> 0.240075 | N75: =+M75 -> 0.240075 | O75: =+N75 -> 0.240075 | P75: =+O75 -> 0.240075 | Q75: =+P75 -> 0.240075 | R75: =+Q75 -> 0.240075 | ... U75: =+T75 -> 0.240075 | V75: =CA75*$F$8 -> 2.8809 | W75: =+AI75/12 -> 0 | X75: =+W75 -> 0 | Y75: =+X75 -> 0 | Z75: =+Y75 -> 0 | AA75: =+Z75 -> 0 | AB75: =+AA75 -> 0 | AC75: =+AB75 -> 0 | AD75: =+AC75 -> 0 | AE75: =+AD75 -> 0 | ... AH75: =+AG75 -> 0 | AI75: =CB75*$F$8 -> 0 | AJ75: =CC75*$F$8 -> 11.349 | AL75: =+ROUNDDOWN($AK75*E75,-1) -> 0 | AM75: =+ROUNDDOWN($AK75*F75,-1) -> 0 | AN75: =+ROUNDDOWN($AK75*G75,-1) -> 0 | AO75: =+ROUNDDOWN($AK75*H75,-1) -> 0 | AP75: =+ROUNDDOWN($AK75*I75,-1) -> 0 | AQ75: =+ROUNDDOWN($AK75*J75,-1) -> 0 | AR75: =+ROUNDDOWN($AK75*K75,-1) -> 0 | AS75: =+ROUNDDOWN($AK75*L75,-1) -> 0 | ... BP75: =+ROUNDDOWN($AK75*AI75,-1) -> 0 | BQ75: =SUM(AM75,AO75,BC75,BP75) -> 0 | BW75: 9.021 | BX75: 0 | BY75: 5.0925 | BZ75: 0 | CA75: 4.8015 | CB75: 0 | CC75: 18.915
A76: KB 멀티플러스평생보장보험 무배당(해약환급금 일부지급형) | B76: 10년납 | C76: - | E76: =CC76/1200% -> 1.045175 | F76: =BW76*$F$8 -> 3.77136 | G76: =BX76*$F$8 -> 0 | H76: =BY76*$F$8 -> 2.7936 | I76: =BZ76*$F$8 -> 0 | J76: =+V76/12 -> 0.080025 | K76: =+J76 -> 0.080025 | L76: =+K76 -> 0.080025 | M76: =+L76 -> 0.080025 | N76: =+M76 -> 0.080025 | O76: =+N76 -> 0.080025 | P76: =+O76 -> 0.080025 | Q76: =+P76 -> 0.080025 | R76: =+Q76 -> 0.080025 | ... U76: =+T76 -> 0.080025 | V76: =CA76*$F$8 -> 0.9603 | W76: =+AI76/12 -> 0 | X76: =+W76 -> 0 | Y76: =+X76 -> 0 | Z76: =+Y76 -> 0 | AA76: =+Z76 -> 0 | AB76: =+AA76 -> 0 | AC76: =+AB76 -> 0 | AD76: =+AC76 -> 0 | AE76: =+AD76 -> 0 | ... AH76: =+AG76 -> 0 | AI76: =CB76*$F$8 -> 0 | AJ76: =CC76*$F$8 -> 7.52526 | AL76: =+ROUNDDOWN($AK76*E76,-1) -> 0 | AM76: =+ROUNDDOWN($AK76*F76,-1) -> 0 | AN76: =+ROUNDDOWN($AK76*G76,-1) -> 0 | AO76: =+ROUNDDOWN($AK76*H76,-1) -> 0 | AP76: =+ROUNDDOWN($AK76*I76,-1) -> 0 | AQ76: =+ROUNDDOWN($AK76*J76,-1) -> 0 | AR76: =+ROUNDDOWN($AK76*K76,-1) -> 0 | AS76: =+ROUNDDOWN($AK76*L76,-1) -> 0 | ... BP76: =+ROUNDDOWN($AK76*AI76,-1) -> 0 | BQ76: =SUM(AM76,AO76,BC76,BP76) -> 0 | BW76: 6.2856 | BX76: 0 | BY76: 4.656 | BZ76: 0 | CA76: 1.6005 | CB76: 0 | CC76: 12.5421
B77: 11~14년납 | C77: - | E77: =CC77/1200% -> 1.23675 | F77: =BW77*$F$8 -> 4.4523 | G77: =BX77*$F$8 -> 0 | H77: =BY77*$F$8 -> 3.4047 | I77: =BZ77*$F$8 -> 0 | J77: =+V77/12 -> 0.0873 | K77: =+J77 -> 0.0873 | L77: =+K77 -> 0.0873 | M77: =+L77 -> 0.0873 | N77: =+M77 -> 0.0873 | O77: =+N77 -> 0.0873 | P77: =+O77 -> 0.0873 | Q77: =+P77 -> 0.0873 | R77: =+Q77 -> 0.0873 | ... U77: =+T77 -> 0.0873 | V77: =CA77*$F$8 -> 1.0476 | W77: =+AI77/12 -> 0 | X77: =+W77 -> 0 | Y77: =+X77 -> 0 | Z77: =+Y77 -> 0 | AA77: =+Z77 -> 0 | AB77: =+AA77 -> 0 | AC77: =+AB77 -> 0 | AD77: =+AC77 -> 0 | AE77: =+AD77 -> 0 | ... AH77: =+AG77 -> 0 | AI77: =CB77*$F$8 -> 0 | AJ77: =CC77*$F$8 -> 8.9046 | AL77: =+ROUNDDOWN($AK77*E77,-1) -> 0 | AM77: =+ROUNDDOWN($AK77*F77,-1) -> 0 | AN77: =+ROUNDDOWN($AK77*G77,-1) -> 0 | AO77: =+ROUNDDOWN($AK77*H77,-1) -> 0 | AP77: =+ROUNDDOWN($AK77*I77,-1) -> 0 | AQ77: =+ROUNDDOWN($AK77*J77,-1) -> 0 | AR77: =+ROUNDDOWN($AK77*K77,-1) -> 0 | AS77: =+ROUNDDOWN($AK77*L77,-1) -> 0 | ... BP77: =+ROUNDDOWN($AK77*AI77,-1) -> 0 | BQ77: =SUM(AM77,AO77,BC77,BP77) -> 0 | BW77: 7.4205 | BX77: 0 | BY77: 5.6745 | BZ77: 0 | CA77: 1.746 | CB77: 0 | CC77: 14.841
B78: 15년납 | C78: - | E78: =CC78/1200% -> 1.360425 | F78: =BW78*$F$8 -> 5.25546 | G78: =BX78*$F$8 -> 0 | H78: =BY78*$F$8 -> 3.492 | I78: =BZ78*$F$8 -> 0 | J78: =+V78/12 -> 0.0873 | K78: =+J78 -> 0.0873 | L78: =+K78 -> 0.0873 | M78: =+L78 -> 0.0873 | N78: =+M78 -> 0.0873 | O78: =+N78 -> 0.0873 | P78: =+O78 -> 0.0873 | Q78: =+P78 -> 0.0873 | R78: =+Q78 -> 0.0873 | ... U78: =+T78 -> 0.0873 | V78: =CA78*$F$8 -> 1.0476 | W78: =+AI78/12 -> 0 | X78: =+W78 -> 0 | Y78: =+X78 -> 0 | Z78: =+Y78 -> 0 | AA78: =+Z78 -> 0 | AB78: =+AA78 -> 0 | AC78: =+AB78 -> 0 | AD78: =+AC78 -> 0 | AE78: =+AD78 -> 0 | ... AH78: =+AG78 -> 0 | AI78: =CB78*$F$8 -> 0 | AJ78: =CC78*$F$8 -> 9.79506 | AL78: =+ROUNDDOWN($AK78*E78,-1) -> 0 | AM78: =+ROUNDDOWN($AK78*F78,-1) -> 0 | AN78: =+ROUNDDOWN($AK78*G78,-1) -> 0 | AO78: =+ROUNDDOWN($AK78*H78,-1) -> 0 | AP78: =+ROUNDDOWN($AK78*I78,-1) -> 0 | AQ78: =+ROUNDDOWN($AK78*J78,-1) -> 0 | AR78: =+ROUNDDOWN($AK78*K78,-1) -> 0 | AS78: =+ROUNDDOWN($AK78*L78,-1) -> 0 | ... BP78: =+ROUNDDOWN($AK78*AI78,-1) -> 0 | BQ78: =SUM(AM78,AO78,BC78,BP78) -> 0 | BW78: 8.7591 | BX78: 0 | BY78: 5.82 | BZ78: 0 | CA78: 1.746 | CB78: 0 | CC78: 16.3251
B79: 16~19년납 | C79: - | E79: =CC79/1200% -> 1.5035 | F79: =BW79*$F$8 -> 5.5872 | G79: =BX79*$F$8 -> 0 | H79: =BY79*$F$8 -> 4.1904 | I79: =BZ79*$F$8 -> 0 | J79: =+V79/12 -> 0.0873 | K79: =+J79 -> 0.0873 | L79: =+K79 -> 0.0873 | M79: =+L79 -> 0.0873 | N79: =+M79 -> 0.0873 | O79: =+N79 -> 0.0873 | P79: =+O79 -> 0.0873 | Q79: =+P79 -> 0.0873 | R79: =+Q79 -> 0.0873 | ... U79: =+T79 -> 0.0873 | V79: =CA79*$F$8 -> 1.0476 | W79: =+AI79/12 -> 0 | X79: =+W79 -> 0 | Y79: =+X79 -> 0 | Z79: =+Y79 -> 0 | AA79: =+Z79 -> 0 | AB79: =+AA79 -> 0 | AC79: =+AB79 -> 0 | AD79: =+AC79 -> 0 | AE79: =+AD79 -> 0 | ... AH79: =+AG79 -> 0 | AI79: =CB79*$F$8 -> 0 | AJ79: =CC79*$F$8 -> 10.8252 | AL79: =+ROUNDDOWN($AK79*E79,-1) -> 0 | AM79: =+ROUNDDOWN($AK79*F79,-1) -> 0 | AN79: =+ROUNDDOWN($AK79*G79,-1) -> 0 | AO79: =+ROUNDDOWN($AK79*H79,-1) -> 0 | AP79: =+ROUNDDOWN($AK79*I79,-1) -> 0 | AQ79: =+ROUNDDOWN($AK79*J79,-1) -> 0 | AR79: =+ROUNDDOWN($AK79*K79,-1) -> 0 | AS79: =+ROUNDDOWN($AK79*L79,-1) -> 0 | ... BP79: =+ROUNDDOWN($AK79*AI79,-1) -> 0 | BQ79: =SUM(AM79,AO79,BC79,BP79) -> 0 | BW79: 9.312 | BX79: 0 | BY79: 6.984 | BZ79: 0 | CA79: 1.746 | CB79: 0 | CC79: 18.042
B80: 20년납이상 | C80: - | E80: =CC80/1200% -> 1.627175 | F80: =BW80*$F$8 -> 5.86656 | G80: =BX80*$F$8 -> 0 | H80: =BY80*$F$8 -> 4.59198 | I80: =BZ80*$F$8 -> 0 | J80: =+V80/12 -> 0.10476 | K80: =+J80 -> 0.10476 | L80: =+K80 -> 0.10476 | M80: =+L80 -> 0.10476 | N80: =+M80 -> 0.10476 | O80: =+N80 -> 0.10476 | P80: =+O80 -> 0.10476 | Q80: =+P80 -> 0.10476 | R80: =+Q80 -> 0.10476 | ... U80: =+T80 -> 0.10476 | V80: =CA80*$F$8 -> 1.25712 | W80: =+AI80/12 -> 0 | X80: =+W80 -> 0 | Y80: =+X80 -> 0 | Z80: =+Y80 -> 0 | AA80: =+Z80 -> 0 | AB80: =+AA80 -> 0 | AC80: =+AB80 -> 0 | AD80: =+AC80 -> 0 | AE80: =+AD80 -> 0 | ... AH80: =+AG80 -> 0 | AI80: =CB80*$F$8 -> 0 | AJ80: =CC80*$F$8 -> 11.71566 | AL80: =+ROUNDDOWN($AK80*E80,-1) -> 0 | AM80: =+ROUNDDOWN($AK80*F80,-1) -> 0 | AN80: =+ROUNDDOWN($AK80*G80,-1) -> 0 | AO80: =+ROUNDDOWN($AK80*H80,-1) -> 0 | AP80: =+ROUNDDOWN($AK80*I80,-1) -> 0 | AQ80: =+ROUNDDOWN($AK80*J80,-1) -> 0 | AR80: =+ROUNDDOWN($AK80*K80,-1) -> 0 | AS80: =+ROUNDDOWN($AK80*L80,-1) -> 0 | ... BP80: =+ROUNDDOWN($AK80*AI80,-1) -> 0 | BQ80: =SUM(AM80,AO80,BC80,BP80) -> 0 | BW80: 9.7776 | BX80: 0 | BY80: 7.6533 | BZ80: 0 | CA80: 2.0952 | CB80: 0 | CC80: 19.5261
A81: KB 달러평생보장보험 무배당(일반심사형) | B81: 5년납 | C81: - | E81: =CC81/1200% -> 0.94979167 | F81: =BW81*$F$8 -> 2.54916 | G81: =BX81*$F$8 -> 0 | H81: =BY81*$F$8 -> 1.58886 | I81: =BZ81*$F$8 -> 0 | J81: =+V81/12 -> 0.12222 | K81: =+J81 -> 0.12222 | L81: =+K81 -> 0.12222 | M81: =+L81 -> 0.12222 | N81: =+M81 -> 0.12222 | O81: =+N81 -> 0.12222 | P81: =+O81 -> 0.12222 | Q81: =+P81 -> 0.12222 | R81: =+Q81 -> 0.12222 | ... U81: =+T81 -> 0.12222 | V81: =CA81*$F$8 -> 1.46664 | W81: =+AI81/12 -> 0.10282 | X81: =+W81 -> 0.10282 | Y81: =+X81 -> 0.10282 | Z81: =+Y81 -> 0.10282 | AA81: =+Z81 -> 0.10282 | AB81: =+AA81 -> 0.10282 | AC81: =+AB81 -> 0.10282 | AD81: =+AC81 -> 0.10282 | AE81: =+AD81 -> 0.10282 | ... AH81: =+AG81 -> 0.10282 | AI81: =CB81*$F$8 -> 1.23384 | AJ81: =CC81*$F$8 -> 6.8385 | AL81: =+ROUNDDOWN($AK81*E81,-1) -> 0 | AM81: =+ROUNDDOWN($AK81*F81,-1) -> 0 | AN81: =+ROUNDDOWN($AK81*G81,-1) -> 0 | AO81: =+ROUNDDOWN($AK81*H81,-1) -> 0 | AP81: =+ROUNDDOWN($AK81*I81,-1) -> 0 | AQ81: =+ROUNDDOWN($AK81*J81,-1) -> 0 | AR81: =+ROUNDDOWN($AK81*K81,-1) -> 0 | AS81: =+ROUNDDOWN($AK81*L81,-1) -> 0 | ... BP81: =+ROUNDDOWN($AK81*AI81,-1) -> 0 | BQ81: =SUM(AM81,AO81,BC81,BP81) -> 0 | BW81: 4.2486 | BX81: 0 | BY81: 2.6481 | BZ81: 0 | CA81: 2.4444 | CB81: 2.0564 | CC81: 11.3975
B82: 6~10년납 | C82: - | E82: =CC82/1200% -> 1.3289 | F82: =BW82*$F$8 -> 4.20786 | G82: =BX82*$F$8 -> 0 | H82: =BY82*$F$8 -> 1.58886 | I82: =BZ82*$F$8 -> 0 | J82: =+V82/12 -> 0.11931 | K82: =+J82 -> 0.11931 | L82: =+K82 -> 0.11931 | M82: =+L82 -> 0.11931 | N82: =+M82 -> 0.11931 | O82: =+N82 -> 0.11931 | P82: =+O82 -> 0.11931 | Q82: =+P82 -> 0.11931 | R82: =+Q82 -> 0.11931 | ... U82: =+T82 -> 0.11931 | V82: =CA82*$F$8 -> 1.43172 | W82: =+AI82/12 -> 0.19497 | X82: =+W82 -> 0.19497 | Y82: =+X82 -> 0.19497 | Z82: =+Y82 -> 0.19497 | AA82: =+Z82 -> 0.19497 | AB82: =+AA82 -> 0.19497 | AC82: =+AB82 -> 0.19497 | AD82: =+AC82 -> 0.19497 | AE82: =+AD82 -> 0.19497 | ... AH82: =+AG82 -> 0.19497 | AI82: =CB82*$F$8 -> 2.33964 | AJ82: =CC82*$F$8 -> 9.56808 | AL82: =+ROUNDDOWN($AK82*E82,-1) -> 0 | AM82: =+ROUNDDOWN($AK82*F82,-1) -> 0 | AN82: =+ROUNDDOWN($AK82*G82,-1) -> 0 | AO82: =+ROUNDDOWN($AK82*H82,-1) -> 0 | AP82: =+ROUNDDOWN($AK82*I82,-1) -> 0 | AQ82: =+ROUNDDOWN($AK82*J82,-1) -> 0 | AR82: =+ROUNDDOWN($AK82*K82,-1) -> 0 | AS82: =+ROUNDDOWN($AK82*L82,-1) -> 0 | ... BP82: =+ROUNDDOWN($AK82*AI82,-1) -> 0 | BQ82: =SUM(AM82,AO82,BC82,BP82) -> 0 | BW82: 7.0131 | BX82: 0 | BY82: 2.6481 | BZ82: 0 | CA82: 2.3862 | CB82: 3.8994 | CC82: 15.9468
B83: 11~15년납 | C83: - | E83: =CC83/1200% -> 1.491375 | F83: =BW83*$F$8 -> 4.48722 | G83: =BX83*$F$8 -> 0 | H83: =BY83*$F$8 -> 1.99044 | I83: =BZ83*$F$8 -> 0 | J83: =+V83/12 -> 0.11058 | K83: =+J83 -> 0.11058 | L83: =+K83 -> 0.11058 | M83: =+L83 -> 0.11058 | N83: =+M83 -> 0.11058 | O83: =+N83 -> 0.11058 | P83: =+O83 -> 0.11058 | Q83: =+P83 -> 0.11058 | R83: =+Q83 -> 0.11058 | ... U83: =+T83 -> 0.11058 | V83: =CA83*$F$8 -> 1.32696 | W83: =+AI83/12 -> 0.24444 | X83: =+W83 -> 0.24444 | Y83: =+X83 -> 0.24444 | Z83: =+Y83 -> 0.24444 | AA83: =+Z83 -> 0.24444 | AB83: =+AA83 -> 0.24444 | AC83: =+AB83 -> 0.24444 | AD83: =+AC83 -> 0.24444 | AE83: =+AD83 -> 0.24444 | ... AH83: =+AG83 -> 0.24444 | AI83: =CB83*$F$8 -> 2.93328 | AJ83: =CC83*$F$8 -> 10.7379 | AL83: =+ROUNDDOWN($AK83*E83,-1) -> 0 | AM83: =+ROUNDDOWN($AK83*F83,-1) -> 0 | AN83: =+ROUNDDOWN($AK83*G83,-1) -> 0 | AO83: =+ROUNDDOWN($AK83*H83,-1) -> 0 | AP83: =+ROUNDDOWN($AK83*I83,-1) -> 0 | AQ83: =+ROUNDDOWN($AK83*J83,-1) -> 0 | AR83: =+ROUNDDOWN($AK83*K83,-1) -> 0 | AS83: =+ROUNDDOWN($AK83*L83,-1) -> 0 | ... BP83: =+ROUNDDOWN($AK83*AI83,-1) -> 0 | BQ83: =SUM(AM83,AO83,BC83,BP83) -> 0 | BW83: 7.4787 | BX83: 0 | BY83: 3.3174 | BZ83: 0 | CA83: 2.2116 | CB83: 4.8888 | CC83: 17.8965
B84: 16년납이상 | C84: - | E84: =CC84/1200% -> 1.58595 | F84: =BW84*$F$8 -> 5.7618 | G84: =BX84*$F$8 -> 0 | H84: =BY84*$F$8 -> 2.02536 | I84: =BZ84*$F$8 -> 0 | J84: =+V84/12 -> 0.07566 | K84: =+J84 -> 0.07566 | L84: =+K84 -> 0.07566 | M84: =+L84 -> 0.07566 | N84: =+M84 -> 0.07566 | O84: =+N84 -> 0.07566 | P84: =+O84 -> 0.07566 | Q84: =+P84 -> 0.07566 | R84: =+Q84 -> 0.07566 | ... U84: =+T84 -> 0.07566 | V84: =CA84*$F$8 -> 0.90792 | W84: =+AI84/12 -> 0.22698 | X84: =+W84 -> 0.22698 | Y84: =+X84 -> 0.22698 | Z84: =+Y84 -> 0.22698 | AA84: =+Z84 -> 0.22698 | AB84: =+AA84 -> 0.22698 | AC84: =+AB84 -> 0.22698 | AD84: =+AC84 -> 0.22698 | AE84: =+AD84 -> 0.22698 | ... AH84: =+AG84 -> 0.22698 | AI84: =CB84*$F$8 -> 2.72376 | AJ84: =CC84*$F$8 -> 11.41884 | AL84: =+ROUNDDOWN($AK84*E84,-1) -> 0 | AM84: =+ROUNDDOWN($AK84*F84,-1) -> 0 | AN84: =+ROUNDDOWN($AK84*G84,-1) -> 0 | AO84: =+ROUNDDOWN($AK84*H84,-1) -> 0 | AP84: =+ROUNDDOWN($AK84*I84,-1) -> 0 | AQ84: =+ROUNDDOWN($AK84*J84,-1) -> 0 | AR84: =+ROUNDDOWN($AK84*K84,-1) -> 0 | AS84: =+ROUNDDOWN($AK84*L84,-1) -> 0 | ... BP84: =+ROUNDDOWN($AK84*AI84,-1) -> 0 | BQ84: =SUM(AM84,AO84,BC84,BP84) -> 0 | BW84: 9.603 | BX84: 0 | BY84: 3.3756 | BZ84: 0 | CA84: 1.5132 | CB84: 4.5396 | CC84: 19.0314
A85: KB 달러평생보장보험 무배당(간편심사형) | B85: 5년납 | C85: - | E85: =CC85/1200% -> 0.846325 | F85: =BW85*$F$8 -> 2.75868 | G85: =BX85*$F$8 -> 0 | H85: =BY85*$F$8 -> 1.79838 | I85: =BZ85*$F$8 -> 0 | J85: =+V85/12 -> 0.11349 | K85: =+J85 -> 0.11349 | L85: =+K85 -> 0.11349 | M85: =+L85 -> 0.11349 | N85: =+M85 -> 0.11349 | O85: =+N85 -> 0.11349 | P85: =+O85 -> 0.11349 | Q85: =+P85 -> 0.11349 | R85: =+Q85 -> 0.11349 | ... U85: =+T85 -> 0.11349 | V85: =CA85*$F$8 -> 1.36188 | W85: =+AI85/12 -> 0.01455 | X85: =+W85 -> 0.01455 | Y85: =+X85 -> 0.01455 | Z85: =+Y85 -> 0.01455 | AA85: =+Z85 -> 0.01455 | AB85: =+AA85 -> 0.01455 | AC85: =+AB85 -> 0.01455 | AD85: =+AC85 -> 0.01455 | AE85: =+AD85 -> 0.01455 | ... AH85: =+AG85 -> 0.01455 | AI85: =CB85*$F$8 -> 0.1746 | AJ85: =CC85*$F$8 -> 6.09354 | AL85: =+ROUNDDOWN($AK85*E85,-1) -> 0 | AM85: =+ROUNDDOWN($AK85*F85,-1) -> 0 | AN85: =+ROUNDDOWN($AK85*G85,-1) -> 0 | AO85: =+ROUNDDOWN($AK85*H85,-1) -> 0 | AP85: =+ROUNDDOWN($AK85*I85,-1) -> 0 | AQ85: =+ROUNDDOWN($AK85*J85,-1) -> 0 | AR85: =+ROUNDDOWN($AK85*K85,-1) -> 0 | AS85: =+ROUNDDOWN($AK85*L85,-1) -> 0 | ... BP85: =+ROUNDDOWN($AK85*AI85,-1) -> 0 | BQ85: =SUM(AM85,AO85,BC85,BP85) -> 0 | BW85: 4.5978 | BX85: 0 | BY85: 2.9973 | BZ85: 0 | CA85: 2.2698 | CB85: 0.291 | CC85: 10.1559
B86: 6~10년납 | C86: - | E86: =CC86/1200% -> 1.2504917 | F86: =BW86*$F$8 -> 4.15548 | G86: =BX86*$F$8 -> 0 | H86: =BY86*$F$8 -> 1.27458 | I86: =BZ86*$F$8 -> 0 | J86: =+V86/12 -> 0.1455 | K86: =+J86 -> 0.1455 | L86: =+K86 -> 0.1455 | M86: =+L86 -> 0.1455 | N86: =+M86 -> 0.1455 | O86: =+N86 -> 0.1455 | P86: =+O86 -> 0.1455 | Q86: =+P86 -> 0.1455 | R86: =+Q86 -> 0.1455 | ... U86: =+T86 -> 0.1455 | V86: =CA86*$F$8 -> 1.746 | W86: =+AI86/12 -> 0.15229 | X86: =+W86 -> 0.15229 | Y86: =+X86 -> 0.15229 | Z86: =+Y86 -> 0.15229 | AA86: =+Z86 -> 0.15229 | AB86: =+AA86 -> 0.15229 | AC86: =+AB86 -> 0.15229 | AD86: =+AC86 -> 0.15229 | AE86: =+AD86 -> 0.15229 | ... AH86: =+AG86 -> 0.15229 | AI86: =CB86*$F$8 -> 1.82748 | AJ86: =CC86*$F$8 -> 9.00354 | AL86: =+ROUNDDOWN($AK86*E86,-1) -> 0 | AM86: =+ROUNDDOWN($AK86*F86,-1) -> 0 | AN86: =+ROUNDDOWN($AK86*G86,-1) -> 0 | AO86: =+ROUNDDOWN($AK86*H86,-1) -> 0 | AP86: =+ROUNDDOWN($AK86*I86,-1) -> 0 | AQ86: =+ROUNDDOWN($AK86*J86,-1) -> 0 | AR86: =+ROUNDDOWN($AK86*K86,-1) -> 0 | AS86: =+ROUNDDOWN($AK86*L86,-1) -> 0 | ... BP86: =+ROUNDDOWN($AK86*AI86,-1) -> 0 | BQ86: =SUM(AM86,AO86,BC86,BP86) -> 0 | BW86: 6.9258 | BX86: 0 | BY86: 2.1243 | BZ86: 0 | CA86: 2.91 | CB86: 3.0458 | CC86: 15.0059
B87: 11~15년납 | C87: - | E87: =CC87/1200% -> 1.4065 | F87: =BW87*$F$8 -> 4.41738 | G87: =BX87*$F$8 -> 0 | H87: =BY87*$F$8 -> 1.8333 | I87: =BZ87*$F$8 -> 0 | J87: =+V87/12 -> 0.1164 | K87: =+J87 -> 0.1164 | L87: =+K87 -> 0.1164 | M87: =+L87 -> 0.1164 | N87: =+M87 -> 0.1164 | O87: =+N87 -> 0.1164 | P87: =+O87 -> 0.1164 | Q87: =+P87 -> 0.1164 | R87: =+Q87 -> 0.1164 | ... U87: =+T87 -> 0.1164 | V87: =CA87*$F$8 -> 1.3968 | W87: =+AI87/12 -> 0.20661 | X87: =+W87 -> 0.20661 | Y87: =+X87 -> 0.20661 | Z87: =+Y87 -> 0.20661 | AA87: =+Z87 -> 0.20661 | AB87: =+AA87 -> 0.20661 | AC87: =+AB87 -> 0.20661 | AD87: =+AC87 -> 0.20661 | AE87: =+AD87 -> 0.20661 | ... AH87: =+AG87 -> 0.20661 | AI87: =CB87*$F$8 -> 2.47932 | AJ87: =CC87*$F$8 -> 10.1268 | AL87: =+ROUNDDOWN($AK87*E87,-1) -> 0 | AM87: =+ROUNDDOWN($AK87*F87,-1) -> 0 | AN87: =+ROUNDDOWN($AK87*G87,-1) -> 0 | AO87: =+ROUNDDOWN($AK87*H87,-1) -> 0 | AP87: =+ROUNDDOWN($AK87*I87,-1) -> 0 | AQ87: =+ROUNDDOWN($AK87*J87,-1) -> 0 | AR87: =+ROUNDDOWN($AK87*K87,-1) -> 0 | AS87: =+ROUNDDOWN($AK87*L87,-1) -> 0 | ... BP87: =+ROUNDDOWN($AK87*AI87,-1) -> 0 | BQ87: =SUM(AM87,AO87,BC87,BP87) -> 0 | BW87: 7.3623 | BX87: 0 | BY87: 3.0555 | BZ87: 0 | CA87: 2.328 | CB87: 4.1322 | CC87: 16.878
B88: 16년납이상 | C88: - | E88: =CC88/1200% -> 1.52775 | F88: =BW88*$F$8 -> 5.63958 | G88: =BX88*$F$8 -> 0 | H88: =BY88*$F$8 -> 0.9603 | I88: =BZ88*$F$8 -> 0 | J88: =+V88/12 -> 0.0873 | K88: =+J88 -> 0.0873 | L88: =+K88 -> 0.0873 | M88: =+L88 -> 0.0873 | N88: =+M88 -> 0.0873 | O88: =+N88 -> 0.0873 | P88: =+O88 -> 0.0873 | Q88: =+P88 -> 0.0873 | R88: =+Q88 -> 0.0873 | ... U88: =+T88 -> 0.0873 | V88: =CA88*$F$8 -> 1.0476 | W88: =+AI88/12 -> 0.27936 | X88: =+W88 -> 0.27936 | Y88: =+X88 -> 0.27936 | Z88: =+Y88 -> 0.27936 | AA88: =+Z88 -> 0.27936 | AB88: =+AA88 -> 0.27936 | AC88: =+AB88 -> 0.27936 | AD88: =+AC88 -> 0.27936 | AE88: =+AD88 -> 0.27936 | ... AH88: =+AG88 -> 0.27936 | AI88: =CB88*$F$8 -> 3.35232 | AJ88: =CC88*$F$8 -> 10.9998 | AL88: =+ROUNDDOWN($AK88*E88,-1) -> 0 | AM88: =+ROUNDDOWN($AK88*F88,-1) -> 0 | AN88: =+ROUNDDOWN($AK88*G88,-1) -> 0 | AO88: =+ROUNDDOWN($AK88*H88,-1) -> 0 | AP88: =+ROUNDDOWN($AK88*I88,-1) -> 0 | AQ88: =+ROUNDDOWN($AK88*J88,-1) -> 0 | AR88: =+ROUNDDOWN($AK88*K88,-1) -> 0 | AS88: =+ROUNDDOWN($AK88*L88,-1) -> 0 | ... BP88: =+ROUNDDOWN($AK88*AI88,-1) -> 0 | BQ88: =SUM(AM88,AO88,BC88,BP88) -> 0 | BW88: 9.3993 | BX88: 0 | BY88: 1.6005 | BZ88: 0 | CA88: 1.746 | CB88: 5.5872 | CC88: 18.333
A89: KB 변액평생보장보험 무배당(평준형) | B89: 5년납 | C89: - | E89: =CC89/1200% -> 0.8536 | F89: =BW89*$F$8 -> 2.33964 | G89: =BX89*$F$8 -> 0 | H89: =BY89*$F$8 -> 2.3571 | I89: =BZ89*$F$8 -> 0 | J89: =+V89/12 -> 0.065475 | K89: =+J89 -> 0.065475 | L89: =+K89 -> 0.065475 | M89: =+L89 -> 0.065475 | N89: =+M89 -> 0.065475 | O89: =+N89 -> 0.065475 | P89: =+O89 -> 0.065475 | Q89: =+P89 -> 0.065475 | R89: =+Q89 -> 0.065475 | ... U89: =+T89 -> 0.065475 | V89: =CA89*$F$8 -> 0.7857 | W89: =+AI89/12 -> 0.05529 | X89: =+W89 -> 0.05529 | Y89: =+X89 -> 0.05529 | Z89: =+Y89 -> 0.05529 | AA89: =+Z89 -> 0.05529 | AB89: =+AA89 -> 0.05529 | AC89: =+AB89 -> 0.05529 | AD89: =+AC89 -> 0.05529 | AE89: =+AD89 -> 0.05529 | ... AH89: =+AG89 -> 0.05529 | AI89: =CB89*$F$8 -> 0.66348 | AJ89: =CC89*$F$8 -> 6.14592 | AL89: =+ROUNDDOWN($AK89*E89,-1) -> 0 | AM89: =+ROUNDDOWN($AK89*F89,-1) -> 0 | AN89: =+ROUNDDOWN($AK89*G89,-1) -> 0 | AO89: =+ROUNDDOWN($AK89*H89,-1) -> 0 | AP89: =+ROUNDDOWN($AK89*I89,-1) -> 0 | AQ89: =+ROUNDDOWN($AK89*J89,-1) -> 0 | AR89: =+ROUNDDOWN($AK89*K89,-1) -> 0 | AS89: =+ROUNDDOWN($AK89*L89,-1) -> 0 | ... BP89: =+ROUNDDOWN($AK89*AI89,-1) -> 0 | BQ89: =SUM(AM89,AO89,BC89,BP89) -> 0 | BW89: 3.8994 | BX89: 0 | BY89: 3.9285 | BZ89: 0 | CA89: 1.3095 | CB89: 1.1058 | CC89: 10.2432
B90: 6~10년납 | C90: - | E90: =CC90/1200% -> 0.996675 | F90: =BW90*$F$8 -> 3.8412 | G90: =BX90*$F$8 -> 0 | H90: =BY90*$F$8 -> 1.8333 | I90: =BZ90*$F$8 -> 0 | J90: =+V90/12 -> 0.05238 | K90: =+J90 -> 0.05238 | L90: =+K90 -> 0.05238 | M90: =+L90 -> 0.05238 | N90: =+M90 -> 0.05238 | O90: =+N90 -> 0.05238 | P90: =+O90 -> 0.05238 | Q90: =+P90 -> 0.05238 | R90: =+Q90 -> 0.05238 | ... U90: =+T90 -> 0.05238 | V90: =CA90*$F$8 -> 0.62856 | W90: =+AI90/12 -> 0.07275 | X90: =+W90 -> 0.07275 | Y90: =+X90 -> 0.07275 | Z90: =+Y90 -> 0.07275 | AA90: =+Z90 -> 0.07275 | AB90: =+AA90 -> 0.07275 | AC90: =+AB90 -> 0.07275 | AD90: =+AC90 -> 0.07275 | AE90: =+AD90 -> 0.07275 | ... AH90: =+AG90 -> 0.07275 | AI90: =CB90*$F$8 -> 0.873 | AJ90: =CC90*$F$8 -> 7.17606 | AL90: =+ROUNDDOWN($AK90*E90,-1) -> 0 | AM90: =+ROUNDDOWN($AK90*F90,-1) -> 0 | AN90: =+ROUNDDOWN($AK90*G90,-1) -> 0 | AO90: =+ROUNDDOWN($AK90*H90,-1) -> 0 | AP90: =+ROUNDDOWN($AK90*I90,-1) -> 0 | AQ90: =+ROUNDDOWN($AK90*J90,-1) -> 0 | AR90: =+ROUNDDOWN($AK90*K90,-1) -> 0 | AS90: =+ROUNDDOWN($AK90*L90,-1) -> 0 | ... BP90: =+ROUNDDOWN($AK90*AI90,-1) -> 0 | BQ90: =SUM(AM90,AO90,BC90,BP90) -> 0 | BW90: 6.402 | BX90: 0 | BY90: 3.0555 | BZ90: 0 | CA90: 1.0476 | CB90: 1.455 | CC90: 11.9601
B91: 11~14년납 | C91: - | E91: =CC91/1200% -> 1.350725 | F91: =BW91*$F$8 -> 4.12056 | G91: =BX91*$F$8 -> 0 | H91: =BY91*$F$8 -> 1.53648 | I91: =BZ91*$F$8 -> 0 | J91: =+V91/12 -> 0.050925 | K91: =+J91 -> 0.050925 | L91: =+K91 -> 0.050925 | M91: =+L91 -> 0.050925 | N91: =+M91 -> 0.050925 | O91: =+N91 -> 0.050925 | P91: =+O91 -> 0.050925 | Q91: =+P91 -> 0.050925 | R91: =+Q91 -> 0.050925 | ... U91: =+T91 -> 0.050925 | V91: =CA91*$F$8 -> 0.6111 | W91: =+AI91/12 -> 0.28809 | X91: =+W91 -> 0.28809 | Y91: =+X91 -> 0.28809 | Z91: =+Y91 -> 0.28809 | AA91: =+Z91 -> 0.28809 | AB91: =+AA91 -> 0.28809 | AC91: =+AB91 -> 0.28809 | AD91: =+AC91 -> 0.28809 | AE91: =+AD91 -> 0.28809 | ... AH91: =+AG91 -> 0.28809 | AI91: =CB91*$F$8 -> 3.45708 | AJ91: =CC91*$F$8 -> 9.72522 | AL91: =+ROUNDDOWN($AK91*E91,-1) -> 0 | AM91: =+ROUNDDOWN($AK91*F91,-1) -> 0 | AN91: =+ROUNDDOWN($AK91*G91,-1) -> 0 | AO91: =+ROUNDDOWN($AK91*H91,-1) -> 0 | AP91: =+ROUNDDOWN($AK91*I91,-1) -> 0 | AQ91: =+ROUNDDOWN($AK91*J91,-1) -> 0 | AR91: =+ROUNDDOWN($AK91*K91,-1) -> 0 | AS91: =+ROUNDDOWN($AK91*L91,-1) -> 0 | ... BP91: =+ROUNDDOWN($AK91*AI91,-1) -> 0 | BQ91: =SUM(AM91,AO91,BC91,BP91) -> 0 | BW91: 6.8676 | BX91: 0 | BY91: 2.5608 | BZ91: 0 | CA91: 1.0185 | CB91: 5.7618 | CC91: 16.2087
B92: 15년납 | C92: - | E92: =CC92/1200% -> 1.350725 | F92: =BW92*$F$8 -> 5.0634 | G92: =BX92*$F$8 -> 0 | H92: =BY92*$F$8 -> 1.8333 | I92: =BZ92*$F$8 -> 0 | J92: =+V92/12 -> 0.01746 | K92: =+J92 -> 0.01746 | L92: =+K92 -> 0.01746 | M92: =+L92 -> 0.01746 | N92: =+M92 -> 0.01746 | O92: =+N92 -> 0.01746 | P92: =+O92 -> 0.01746 | Q92: =+P92 -> 0.01746 | R92: =+Q92 -> 0.01746 | ... U92: =+T92 -> 0.01746 | V92: =CA92*$F$8 -> 0.20952 | W92: =+AI92/12 -> 0.21825 | X92: =+W92 -> 0.21825 | Y92: =+X92 -> 0.21825 | Z92: =+Y92 -> 0.21825 | AA92: =+Z92 -> 0.21825 | AB92: =+AA92 -> 0.21825 | AC92: =+AB92 -> 0.21825 | AD92: =+AC92 -> 0.21825 | AE92: =+AD92 -> 0.21825 | ... AH92: =+AG92 -> 0.21825 | AI92: =CB92*$F$8 -> 2.619 | AJ92: =CC92*$F$8 -> 9.72522 | AL92: =+ROUNDDOWN($AK92*E92,-1) -> 0 | AM92: =+ROUNDDOWN($AK92*F92,-1) -> 0 | AN92: =+ROUNDDOWN($AK92*G92,-1) -> 0 | AO92: =+ROUNDDOWN($AK92*H92,-1) -> 0 | AP92: =+ROUNDDOWN($AK92*I92,-1) -> 0 | AQ92: =+ROUNDDOWN($AK92*J92,-1) -> 0 | AR92: =+ROUNDDOWN($AK92*K92,-1) -> 0 | AS92: =+ROUNDDOWN($AK92*L92,-1) -> 0 | ... BP92: =+ROUNDDOWN($AK92*AI92,-1) -> 0 | BQ92: =SUM(AM92,AO92,BC92,BP92) -> 0 | BW92: 8.439 | BX92: 0 | BY92: 3.0555 | BZ92: 0 | CA92: 0.3492 | CB92: 4.365 | CC92: 16.2087
B93: 16~19년납 | C93: - | E93: =CC93/1200% -> 1.62475 | F93: =BW93*$F$8 -> 5.34276 | G93: =BX93*$F$8 -> 0 | H93: =BY93*$F$8 -> 1.95552 | I93: =BZ93*$F$8 -> 0 | J93: =+V93/12 -> 0.02328 | K93: =+J93 -> 0.02328 | L93: =+K93 -> 0.02328 | M93: =+L93 -> 0.02328 | N93: =+M93 -> 0.02328 | O93: =+N93 -> 0.02328 | P93: =+O93 -> 0.02328 | Q93: =+P93 -> 0.02328 | R93: =+Q93 -> 0.02328 | ... U93: =+T93 -> 0.02328 | V93: =CA93*$F$8 -> 0.27936 | W93: =+AI93/12 -> 0.34338 | X93: =+W93 -> 0.34338 | Y93: =+X93 -> 0.34338 | Z93: =+Y93 -> 0.34338 | AA93: =+Z93 -> 0.34338 | AB93: =+AA93 -> 0.34338 | AC93: =+AB93 -> 0.34338 | AD93: =+AC93 -> 0.34338 | AE93: =+AD93 -> 0.34338 | ... AH93: =+AG93 -> 0.34338 | AI93: =CB93*$F$8 -> 4.12056 | AJ93: =CC93*$F$8 -> 11.6982 | AL93: =+ROUNDDOWN($AK93*E93,-1) -> 0 | AM93: =+ROUNDDOWN($AK93*F93,-1) -> 0 | AN93: =+ROUNDDOWN($AK93*G93,-1) -> 0 | AO93: =+ROUNDDOWN($AK93*H93,-1) -> 0 | AP93: =+ROUNDDOWN($AK93*I93,-1) -> 0 | AQ93: =+ROUNDDOWN($AK93*J93,-1) -> 0 | AR93: =+ROUNDDOWN($AK93*K93,-1) -> 0 | AS93: =+ROUNDDOWN($AK93*L93,-1) -> 0 | ... BP93: =+ROUNDDOWN($AK93*AI93,-1) -> 0 | BQ93: =SUM(AM93,AO93,BC93,BP93) -> 0 | BW93: 8.9046 | BX93: 0 | BY93: 3.2592 | BZ93: 0 | CA93: 0.4656 | CB93: 6.8676 | CC93: 19.497
B94: 20년납이상 | C94: - | E94: =CC94/1200% -> 1.6296 | F94: =BW94*$F$8 -> 5.86656 | G94: =BX94*$F$8 -> 0 | H94: =BY94*$F$8 -> 2.0079 | I94: =BZ94*$F$8 -> 0 | J94: =+V94/12 -> 0.024735 | K94: =+J94 -> 0.024735 | L94: =+K94 -> 0.024735 | M94: =+L94 -> 0.024735 | N94: =+M94 -> 0.024735 | O94: =+N94 -> 0.024735 | P94: =+O94 -> 0.024735 | Q94: =+P94 -> 0.024735 | R94: =+Q94 -> 0.024735 | ... U94: =+T94 -> 0.024735 | V94: =CA94*$F$8 -> 0.29682 | W94: =+AI94/12 -> 0.29682 | X94: =+W94 -> 0.29682 | Y94: =+X94 -> 0.29682 | Z94: =+Y94 -> 0.29682 | AA94: =+Z94 -> 0.29682 | AB94: =+AA94 -> 0.29682 | AC94: =+AB94 -> 0.29682 | AD94: =+AC94 -> 0.29682 | AE94: =+AD94 -> 0.29682 | ... AH94: =+AG94 -> 0.29682 | AI94: =CB94*$F$8 -> 3.56184 | AJ94: =CC94*$F$8 -> 11.73312 | AL94: =+ROUNDDOWN($AK94*E94,-1) -> 0 | AM94: =+ROUNDDOWN($AK94*F94,-1) -> 0 | AN94: =+ROUNDDOWN($AK94*G94,-1) -> 0 | AO94: =+ROUNDDOWN($AK94*H94,-1) -> 0 | AP94: =+ROUNDDOWN($AK94*I94,-1) -> 0 | AQ94: =+ROUNDDOWN($AK94*J94,-1) -> 0 | AR94: =+ROUNDDOWN($AK94*K94,-1) -> 0 | AS94: =+ROUNDDOWN($AK94*L94,-1) -> 0 | ... BP94: =+ROUNDDOWN($AK94*AI94,-1) -> 0 | BQ94: =SUM(AM94,AO94,BC94,BP94) -> 0 | BW94: 9.7776 | BX94: 0 | BY94: 3.3465 | BZ94: 0 | CA94: 0.4947 | CB94: 5.9364 | CC94: 19.5552
A95: KB 변액평생보장보험 무배당(조기체증형) | B95: 5년납 | C95: - | E95: =CC95/1200% -> 0.86410833 | F95: =BW95*$F$8 -> 2.06028 | G95: =BX95*$F$8 -> 0 | H95: =BY95*$F$8 -> 2.14758 | I95: =BZ95*$F$8 -> 0 | J95: =+V95/12 -> 0.09894 | K95: =+J95 -> 0.09894 | L95: =+K95 -> 0.09894 | M95: =+L95 -> 0.09894 | N95: =+M95 -> 0.09894 | O95: =+N95 -> 0.09894 | P95: =+O95 -> 0.09894 | Q95: =+P95 -> 0.09894 | R95: =+Q95 -> 0.09894 | ... U95: =+T95 -> 0.09894 | V95: =CA95*$F$8 -> 1.18728 | W95: =+AI95/12 -> 0.06887 | X95: =+W95 -> 0.06887 | Y95: =+X95 -> 0.06887 | Z95: =+Y95 -> 0.06887 | AA95: =+Z95 -> 0.06887 | AB95: =+AA95 -> 0.06887 | AC95: =+AB95 -> 0.06887 | AD95: =+AC95 -> 0.06887 | AE95: =+AD95 -> 0.06887 | ... AH95: =+AG95 -> 0.06887 | AI95: =CB95*$F$8 -> 0.82644 | AJ95: =CC95*$F$8 -> 6.22158 | AL95: =+ROUNDDOWN($AK95*E95,-1) -> 0 | AM95: =+ROUNDDOWN($AK95*F95,-1) -> 0 | AN95: =+ROUNDDOWN($AK95*G95,-1) -> 0 | AO95: =+ROUNDDOWN($AK95*H95,-1) -> 0 | AP95: =+ROUNDDOWN($AK95*I95,-1) -> 0 | AQ95: =+ROUNDDOWN($AK95*J95,-1) -> 0 | AR95: =+ROUNDDOWN($AK95*K95,-1) -> 0 | AS95: =+ROUNDDOWN($AK95*L95,-1) -> 0 | ... BP95: =+ROUNDDOWN($AK95*AI95,-1) -> 0 | BQ95: =SUM(AM95,AO95,BC95,BP95) -> 0 | BW95: 3.4338 | BX95: 0 | BY95: 3.5793 | BZ95: 0 | CA95: 1.9788 | CB95: 1.3774 | CC95: 10.3693
B96: 6~10년납 | C96: - | E96: =CC96/1200% -> 0.99829167 | F96: =BW96*$F$8 -> 3.28248 | G96: =BX96*$F$8 -> 0 | H96: =BY96*$F$8 -> 1.5714 | I96: =BZ96*$F$8 -> 0 | J96: =+V96/12 -> 0.050925 | K96: =+J96 -> 0.050925 | L96: =+K96 -> 0.050925 | M96: =+L96 -> 0.050925 | N96: =+M96 -> 0.050925 | O96: =+N96 -> 0.050925 | P96: =+O96 -> 0.050925 | Q96: =+P96 -> 0.050925 | R96: =+Q96 -> 0.050925 | ... U96: =+T96 -> 0.050925 | V96: =CA96*$F$8 -> 0.6111 | W96: =+AI96/12 -> 0.14356 | X96: =+W96 -> 0.14356 | Y96: =+X96 -> 0.14356 | Z96: =+Y96 -> 0.14356 | AA96: =+Z96 -> 0.14356 | AB96: =+AA96 -> 0.14356 | AC96: =+AB96 -> 0.14356 | AD96: =+AC96 -> 0.14356 | AE96: =+AD96 -> 0.14356 | ... AH96: =+AG96 -> 0.14356 | AI96: =CB96*$F$8 -> 1.72272 | AJ96: =CC96*$F$8 -> 7.1877 | AL96: =+ROUNDDOWN($AK96*E96,-1) -> 0 | AM96: =+ROUNDDOWN($AK96*F96,-1) -> 0 | AN96: =+ROUNDDOWN($AK96*G96,-1) -> 0 | AO96: =+ROUNDDOWN($AK96*H96,-1) -> 0 | AP96: =+ROUNDDOWN($AK96*I96,-1) -> 0 | AQ96: =+ROUNDDOWN($AK96*J96,-1) -> 0 | AR96: =+ROUNDDOWN($AK96*K96,-1) -> 0 | AS96: =+ROUNDDOWN($AK96*L96,-1) -> 0 | ... BP96: =+ROUNDDOWN($AK96*AI96,-1) -> 0 | BQ96: =SUM(AM96,AO96,BC96,BP96) -> 0 | BW96: 5.4708 | BX96: 0 | BY96: 2.619 | BZ96: 0 | CA96: 1.0185 | CB96: 2.8712 | CC96: 11.9795
B97: 11~14년납 | C97: - | E97: =CC97/1200% -> 1.399225 | F97: =BW97*$F$8 -> 3.492 | G97: =BX97*$F$8 -> 0 | H97: =BY97*$F$8 -> 1.5714 | I97: =BZ97*$F$8 -> 0 | J97: =+V97/12 -> 0.050925 | K97: =+J97 -> 0.050925 | L97: =+K97 -> 0.050925 | M97: =+L97 -> 0.050925 | N97: =+M97 -> 0.050925 | O97: =+N97 -> 0.050925 | P97: =+O97 -> 0.050925 | Q97: =+P97 -> 0.050925 | R97: =+Q97 -> 0.050925 | ... U97: =+T97 -> 0.050925 | V97: =CA97*$F$8 -> 0.6111 | W97: =+AI97/12 -> 0.36666 | X97: =+W97 -> 0.36666 | Y97: =+X97 -> 0.36666 | Z97: =+Y97 -> 0.36666 | AA97: =+Z97 -> 0.36666 | AB97: =+AA97 -> 0.36666 | AC97: =+AB97 -> 0.36666 | AD97: =+AC97 -> 0.36666 | AE97: =+AD97 -> 0.36666 | ... AH97: =+AG97 -> 0.36666 | AI97: =CB97*$F$8 -> 4.39992 | AJ97: =CC97*$F$8 -> 10.07442 | AL97: =+ROUNDDOWN($AK97*E97,-1) -> 0 | AM97: =+ROUNDDOWN($AK97*F97,-1) -> 0 | AN97: =+ROUNDDOWN($AK97*G97,-1) -> 0 | AO97: =+ROUNDDOWN($AK97*H97,-1) -> 0 | AP97: =+ROUNDDOWN($AK97*I97,-1) -> 0 | AQ97: =+ROUNDDOWN($AK97*J97,-1) -> 0 | AR97: =+ROUNDDOWN($AK97*K97,-1) -> 0 | AS97: =+ROUNDDOWN($AK97*L97,-1) -> 0 | ... BP97: =+ROUNDDOWN($AK97*AI97,-1) -> 0 | BQ97: =SUM(AM97,AO97,BC97,BP97) -> 0 | BW97: 5.82 | BX97: 0 | BY97: 2.619 | BZ97: 0 | CA97: 1.0185 | CB97: 7.3332 | CC97: 16.7907
B98: 15년납 | C98: - | E98: =CC98/1200% -> 1.404075 | F98: =BW98*$F$8 -> 4.39992 | G98: =BX98*$F$8 -> 0 | H98: =BY98*$F$8 -> 1.1349 | I98: =BZ98*$F$8 -> 0 | J98: =+V98/12 -> 0.02619 | K98: =+J98 -> 0.02619 | L98: =+K98 -> 0.02619 | M98: =+L98 -> 0.02619 | N98: =+M98 -> 0.02619 | O98: =+N98 -> 0.02619 | P98: =+O98 -> 0.02619 | Q98: =+P98 -> 0.02619 | R98: =+Q98 -> 0.02619 | ... U98: =+T98 -> 0.02619 | V98: =CA98*$F$8 -> 0.31428 | W98: =+AI98/12 -> 0.35502 | X98: =+W98 -> 0.35502 | Y98: =+X98 -> 0.35502 | Z98: =+Y98 -> 0.35502 | AA98: =+Z98 -> 0.35502 | AB98: =+AA98 -> 0.35502 | AC98: =+AB98 -> 0.35502 | AD98: =+AC98 -> 0.35502 | AE98: =+AD98 -> 0.35502 | ... AH98: =+AG98 -> 0.35502 | AI98: =CB98*$F$8 -> 4.26024 | AJ98: =CC98*$F$8 -> 10.10934 | AL98: =+ROUNDDOWN($AK98*E98,-1) -> 0 | AM98: =+ROUNDDOWN($AK98*F98,-1) -> 0 | AN98: =+ROUNDDOWN($AK98*G98,-1) -> 0 | AO98: =+ROUNDDOWN($AK98*H98,-1) -> 0 | AP98: =+ROUNDDOWN($AK98*I98,-1) -> 0 | AQ98: =+ROUNDDOWN($AK98*J98,-1) -> 0 | AR98: =+ROUNDDOWN($AK98*K98,-1) -> 0 | AS98: =+ROUNDDOWN($AK98*L98,-1) -> 0 | ... BP98: =+ROUNDDOWN($AK98*AI98,-1) -> 0 | BQ98: =SUM(AM98,AO98,BC98,BP98) -> 0 | BW98: 7.3332 | BX98: 0 | BY98: 1.8915 | BZ98: 0 | CA98: 0.5238 | CB98: 7.1004 | CC98: 16.8489
B99: 16~19년납 | C99: - | E99: =CC99/1200% -> 1.661125 | F99: =BW99*$F$8 -> 4.6269 | G99: =BX99*$F$8 -> 0 | H99: =BY99*$F$8 -> 1.3095 | I99: =BZ99*$F$8 -> 0 | J99: =+V99/12 -> 0.024735 | K99: =+J99 -> 0.024735 | L99: =+K99 -> 0.024735 | M99: =+L99 -> 0.024735 | N99: =+M99 -> 0.024735 | O99: =+N99 -> 0.024735 | P99: =+O99 -> 0.024735 | Q99: =+P99 -> 0.024735 | R99: =+Q99 -> 0.024735 | ... U99: =+T99 -> 0.024735 | V99: =CA99*$F$8 -> 0.29682 | W99: =+AI99/12 -> 0.47724 | X99: =+W99 -> 0.47724 | Y99: =+X99 -> 0.47724 | Z99: =+Y99 -> 0.47724 | AA99: =+Z99 -> 0.47724 | AB99: =+AA99 -> 0.47724 | AC99: =+AB99 -> 0.47724 | AD99: =+AC99 -> 0.47724 | AE99: =+AD99 -> 0.47724 | ... AH99: =+AG99 -> 0.47724 | AI99: =CB99*$F$8 -> 5.72688 | AJ99: =CC99*$F$8 -> 11.9601 | AL99: =+ROUNDDOWN($AK99*E99,-1) -> 0 | AM99: =+ROUNDDOWN($AK99*F99,-1) -> 0 | AN99: =+ROUNDDOWN($AK99*G99,-1) -> 0 | AO99: =+ROUNDDOWN($AK99*H99,-1) -> 0 | AP99: =+ROUNDDOWN($AK99*I99,-1) -> 0 | AQ99: =+ROUNDDOWN($AK99*J99,-1) -> 0 | AR99: =+ROUNDDOWN($AK99*K99,-1) -> 0 | AS99: =+ROUNDDOWN($AK99*L99,-1) -> 0 | ... BP99: =+ROUNDDOWN($AK99*AI99,-1) -> 0 | BQ99: =SUM(AM99,AO99,BC99,BP99) -> 0 | BW99: 7.7115 | BX99: 0 | BY99: 2.1825 | BZ99: 0 | CA99: 0.4947 | CB99: 9.5448 | CC99: 19.9335
B100: 20년납 | C100: - | E100: =CC100/1200% -> 1.66355 | F100: =BW100*$F$8 -> 5.29038 | G100: =BX100*$F$8 -> 0 | H100: =BY100*$F$8 -> 0.6984 | I100: =BZ100*$F$8 -> 0 | J100: =+V100/12 -> 0.036375 | K100: =+J100 -> 0.036375 | L100: =+K100 -> 0.036375 | M100: =+L100 -> 0.036375 | N100: =+M100 -> 0.036375 | O100: =+N100 -> 0.036375 | P100: =+O100 -> 0.036375 | Q100: =+P100 -> 0.036375 | R100: =+Q100 -> 0.036375 | ... U100: =+T100 -> 0.036375 | V100: =CA100*$F$8 -> 0.4365 | W100: =+AI100/12 -> 0.46269 | X100: =+W100 -> 0.46269 | Y100: =+X100 -> 0.46269 | Z100: =+Y100 -> 0.46269 | AA100: =+Z100 -> 0.46269 | AB100: =+AA100 -> 0.46269 | AC100: =+AB100 -> 0.46269 | AD100: =+AC100 -> 0.46269 | AE100: =+AD100 -> 0.46269 | ... AH100: =+AG100 -> 0.46269 | AI100: =CB100*$F$8 -> 5.55228 | AJ100: =CC100*$F$8 -> 11.97756 | AL100: =+ROUNDDOWN($AK100*E100,-1) -> 0 | AM100: =+ROUNDDOWN($AK100*F100,-1) -> 0 | AN100: =+ROUNDDOWN($AK100*G100,-1) -> 0 | AO100: =+ROUNDDOWN($AK100*H100,-1) -> 0 | AP100: =+ROUNDDOWN($AK100*I100,-1) -> 0 | AQ100: =+ROUNDDOWN($AK100*J100,-1) -> 0 | AR100: =+ROUNDDOWN($AK100*K100,-1) -> 0 | AS100: =+ROUNDDOWN($AK100*L100,-1) -> 0 | ... BP100: =+ROUNDDOWN($AK100*AI100,-1) -> 0 | BQ100: =SUM(AM100,AO100,BC100,BP100) -> 0 | BW100: 8.8173 | BX100: 0 | BY100: 1.164 | BZ100: 0 | CA100: 0.7275 | CB100: 9.2538 | CC100: 19.9626
B101: 21~24년납 | C101: - | E101: =CC101/1200% -> 1.66355 | F101: =BW101*$F$8 -> 5.44752 | G101: =BX101*$F$8 -> 0 | H101: =BY101*$F$8 -> 0.873 | I101: =BZ101*$F$8 -> 0 | J101: =+V101/12 -> 0.0291 | K101: =+J101 -> 0.0291 | L101: =+K101 -> 0.0291 | M101: =+L101 -> 0.0291 | N101: =+M101 -> 0.0291 | O101: =+N101 -> 0.0291 | P101: =+O101 -> 0.0291 | Q101: =+P101 -> 0.0291 | R101: =+Q101 -> 0.0291 | ... U101: =+T101 -> 0.0291 | V101: =CA101*$F$8 -> 0.3492 | W101: =+AI101/12 -> 0.44232 | X101: =+W101 -> 0.44232 | Y101: =+X101 -> 0.44232 | Z101: =+Y101 -> 0.44232 | AA101: =+Z101 -> 0.44232 | AB101: =+AA101 -> 0.44232 | AC101: =+AB101 -> 0.44232 | AD101: =+AC101 -> 0.44232 | AE101: =+AD101 -> 0.44232 | ... AH101: =+AG101 -> 0.44232 | AI101: =CB101*$F$8 -> 5.30784 | AJ101: =CC101*$F$8 -> 11.97756 | AL101: =+ROUNDDOWN($AK101*E101,-1) -> 0 | AM101: =+ROUNDDOWN($AK101*F101,-1) -> 0 | AN101: =+ROUNDDOWN($AK101*G101,-1) -> 0 | AO101: =+ROUNDDOWN($AK101*H101,-1) -> 0 | AP101: =+ROUNDDOWN($AK101*I101,-1) -> 0 | AQ101: =+ROUNDDOWN($AK101*J101,-1) -> 0 | AR101: =+ROUNDDOWN($AK101*K101,-1) -> 0 | AS101: =+ROUNDDOWN($AK101*L101,-1) -> 0 | ... BP101: =+ROUNDDOWN($AK101*AI101,-1) -> 0 | BQ101: =SUM(AM101,AO101,BC101,BP101) -> 0 | BW101: 9.0792 | BX101: 0 | BY101: 1.455 | BZ101: 0 | CA101: 0.582 | CB101: 8.8464 | CC101: 19.9626
...

Sheet 미래에셋
A1: [미래에셋생명] "상품별 MIP 比 지급률 예시"
A2: 1. 주계약의 보험료 기준 예시이며, 특약 부가 시 지급률 변동될 수 있음
A3: 2. 회사 전체 업적 달성 구간, 실제 산출 대상 보험료 및 특약별 지급률, 제휴사 수수료 정책 등에 따라 변동될 수 있음
A4: 3. 보수 지급액 = 월납화 초회 보험료 x 지급률*(지급률 예시 참조)
A5: ※ 제휴사 전개 프로모션/시상은 본 예시에서 제외 | IM5: * 일시납/전략보장 상품은 13~15회차 분급
DV6: =SUBTOTAL(9,DV12:DV253) -> 0 | DW6: =SUBTOTAL(9,DW12:DW253) -> 0 | DX6: =SUBTOTAL(9,DX12:DX253) -> 0 | DY6: =SUBTOTAL(9,DY12:DY253) -> 0 | DZ6: =SUBTOTAL(9,DZ12:DZ253) -> 0 | EA6: =SUBTOTAL(9,EA12:EA253) -> 0 | EB6: =SUBTOTAL(9,EB12:EB253) -> 0 | EC6: =SUBTOTAL(9,EC12:EC253) -> 0 | ... IM6: =SUBTOTAL(9,IM12:IM253) -> 0
A7: 상품분류 | B7: 상품명 | C7: 구분 | D7: 납입기간 | E7: 환산율 | F7: 2025년 FC 수수료 | DX7: 수당확인 | IS7: 지사보수
F8: 0.6 | DV8: 모집업적 | DW8: 환산업적 | IS8: 월납화 보험료 x 하기 지급률
F9: 초년도 | Z9: 2차년도 | AM9: 3차년도 | AN9: 4차년도 | DT9: 38~120회차 | DU9: FC계 | DV9: (월초P) | DX9: 초년도 | ER9: 2차년도 | FE9: 3차년도 | FF9: 4차년도 | IM9: FC계 | IS9: 초년도 | IU9: 2차년도* | IV9: 3차년도 | IW9: 4차년도 이후 | IY9: Total
F10: 익월 | G10: 7회차 | H10: 8회차 | I10: 9회차 | J10: 10회차 | K10: 11회차 | L10: 12회차 | M10: 7~12회차 분급 | N10: 13회차 | O10: 14회차 | P10: 15회차 | Q10: 16회차 | R10: 17회차 | S10: 18회차 | T10: 19회차 | U10: 20회차 | V10: 21회차 | W10: 22회차 | X10: 23회차 | Y10: 24회차 | Z10: 13~24회차 분급 | AA10: 25회차 | AB10: 26회차 | AC10: 27회차 | AD10: 28회차 | AE10: 29회차 | AF10: 30회차 | AG10: 31회차 | AH10: 32회차 | AI10: 33회차 | AJ10: 34회차 | AK10: 35회차 | AL10: 36회차 | AM10: 25~36회차 분급 | AN10: 37회차 | AO10: 38회차 | AP10: 39회차 | AQ10: 40회차 | AR10: 41회차 | AS10: 42회차 | AT10: 43회차 | AU10: 44회차 | AV10: 45회차 | AW10: 46회차 | AX10: 47회차 | AY10: 48회차 | AZ10: 49회차 | BA10: 50회차 | BB10: 51회차 | BC10: 52회차 | BD10: 53회차 | BE10: 54회차 | BF10: 55회차 | BG10: 56회차 | BH10: 57회차 | BI10: 58회차 | BJ10: 59회차 | BK10: 60회차 | BL10: 61회차 | BM10: 62회차 | BN10: 63회차 | BO10: 64회차 | BP10: 65회차 | BQ10: 66회차 | BR10: 67회차 | BS10: 68회차 | BT10: 69회차 | BU10: 70회차 | BV10: 71회차 | BW10: 72회차 | BX10: 73회차 | BY10: 74회차 | BZ10: 75회차 | CA10: 76회차 | CB10: 77회차 | CC10: 78회차 | CD10: 79회차 | CE10: 80회차 | CF10: 81회차 | CG10: 82회차 | CH10: 83회차 | CI10: 84회차 | CJ10: 85회차 | CK10: 86회차 | CL10: 87회차 | CM10: 88회차 | CN10: 89회차 | CO10: 90회차 | CP10: 91회차 | CQ10: 92회차 | CR10: 93회차 | CS10: 94회차 | CT10: 95회차 | CU10: 96회차 | CV10: 97회차 | CW10: 98회차 | CX10: 99회차 | CY10: 100회차 | CZ10: 101회차 | DA10: 102회차 | DB10: 103회차 | DC10: 104회차 | DD10: 105회차 | DE10: 106회차 | DF10: 107회차 | DG10: 108회차 | DH10: 109회차 | DI10: 110회차 | DJ10: 111회차 | DK10: 112회차 | DL10: 113회차 | DM10: 114회차 | DN10: 115회차 | DO10: 116회차 | DP10: 117회차 | DQ10: 118회차 | DR10: 119회차 | DS10: 120회차 | DT10: 분급 | DX10: 익월 | DY10: 7회차 | DZ10: 8회차 | EA10: 9회차 | EB10: 10회차 | EC10: 11회차 | ED10: 12회차 | EE10: 7~12회차 분급 | EF10: 13회차 | EG10: 14회차 | EH10: 15회차 | EI10: 16회차 | EJ10: 17회차 | EK10: 18회차 | EL10: 19회차 | EM10: 20회차 | EN10: 21회차 | EO10: 22회차 | EP10: 23회차 | EQ10: 24회차 | ER10: 13~24회차 분급 | ES10: 25회차 | ET10: 26회차 | EU10: 27회차 | EV10: 28회차 | EW10: 29회차 | EX10: 30회차 | EY10: 31회차 | EZ10: 32회차 | FA10: 33회차 | FB10: 34회차 | FC10: 35회차 | FD10: 36회차 | FE10: 25~36회차 분급 | FF10: 37회차 | FG10: 38회차 | FH10: 39회차 | FI10: 40회차 | FJ10: 41회차 | FK10: 42회차 | FL10: 43회차 | FM10: 44회차 | FN10: 45회차 | FO10: 46회차 | FP10: 47회차 | FQ10: 48회차 | FR10: 49회차 | FS10: 50회차 | FT10: 51회차 | FU10: 52회차 | FV10: 53회차 | FW10: 54회차 | FX10: 55회차 | FY10: 56회차 | FZ10: 57회차 | GA10: 58회차 | GB10: 59회차 | GC10: 60회차 | GD10: 61회차 | GE10: 62회차 | GF10: 63회차 | GG10: 64회차 | GH10: 65회차 | GI10: 66회차 | GJ10: 67회차 | GK10: 68회차 | GL10: 69회차 | GM10: 70회차 | GN10: 71회차 | GO10: 72회차 | GP10: 73회차 | GQ10: 74회차 | GR10: 75회차 | GS10: 76회차 | GT10: 77회차 | GU10: 78회차 | GV10: 79회차 | GW10: 80회차 | GX10: 81회차 | GY10: 82회차 | GZ10: 83회차 | HA10: 84회차 | HB10: 85회차 | HC10: 86회차 | HD10: 87회차 | HE10: 88회차 | HF10: 89회차 | HG10: 90회차 | HH10: 91회차 | HI10: 92회차 | HJ10: 93회차 | HK10: 94회차 | HL10: 95회차 | HM10: 96회차 | HN10: 97회차 | HO10: 98회차 | HP10: 99회차 | HQ10: 100회차 | HR10: 101회차 | HS10: 102회차 | HT10: 103회차 | HU10: 104회차 | HV10: 105회차 | HW10: 106회차 | HX10: 107회차 | HY10: 108회차 | HZ10: 109회차 | IA10: 110회차 | IB10: 111회차 | IC10: 112회차 | ID10: 113회차 | IE10: 114회차 | IF10: 115회차 | IG10: 116회차 | IH10: 117회차 | II10: 118회차 | IJ10: 119회차 | IK10: 120회차 | IL10: 38~120회차 분급 | IS10: 익월 | IT10: 7~12회차 분급 | IU10: 13~24회차 분급 | IV10: 25~36회차 분급 | IW10: 37회차 | IX10: 38~120회차 분급
A12: 저축성 | B12: 미래에셋생명 변액연금보험 무배당 (기본형, 미보증형) | D12: 일시납 | E12: =IY12/1200% -> 0.00246089 | F12: =IS12*$F$8 -> 0.008143344 | G12: =+M12/6 -> 0.001357224 | H12: =+G12 -> 0.001357224 | I12: =+H12 -> 0.001357224 | J12: =+I12 -> 0.001357224 | K12: =+J12 -> 0.001357224 | L12: =+K12 -> 0.001357224 | M12: =IT12*$F$8 -> 0.008143344 | N12: =+Z12/12 -> 0.00011931 | O12: =+N12 -> 0.00011931 | P12: =+O12 -> 0.00011931 | Q12: =+P12 -> 0.00011931 | R12: =+Q12 -> 0.00011931 | S12: =+R12 -> 0.00011931 | T12: =+S12 -> 0.00011931 | U12: =+T12 -> 0.00011931 | V12: =+U12 -> 0.00011931 | ... Y12: =+X12 -> 0.00011931 | Z12: =IU12*$F$8 -> 0.00143172 | AA12: =+AM12/12 -> 0 | AB12: =+AA12 -> 0 | AC12: =+AB12 -> 0 | AD12: =+AC12 -> 0 | AE12: =+AD12 -> 0 | AF12: =+AE12 -> 0 | AG12: =+AF12 -> 0 | AH12: =+AG12 -> 0 | AI12: =+AH12 -> 0 | ... AL12: =+AK12 -> 0 | AM12: =IV12*$F$8 -> 0 | AN12: =IW12*$F$8 -> 0 | AO12: =+DU12/83 -> 0.0002134748 | AP12: =+AO12 -> 0.0002134748 | AQ12: =+AP12 -> 0.0002134748 | AR12: =+AQ12 -> 0.0002134748 | AS12: =+AR12 -> 0.0002134748 | AT12: =+AS12 -> 0.0002134748 | AU12: =+AT12 -> 0.0002134748 | AV12: =+AU12 -> 0.0002134748 | AW12: =+AV12 -> 0.0002134748 | ... DS12: =+DR12 -> 0.0002134748 | DT12: =+IX12*$F$8 -> 0 | DU12: =+IY12*$F$8 -> 0.017718408 | DW12: =+ROUNDDOWN($DV12*E12,-1) -> 0 | DX12: =+ROUNDDOWN($DV12*F12,-1) -> 0 | DY12: =+ROUNDDOWN($DV12*G12,-1) -> 0 | DZ12: =+ROUNDDOWN($DV12*H12,-1) -> 0 | EA12: =+ROUNDDOWN($DV12*I12,-1) -> 0 | EB12: =+ROUNDDOWN($DV12*J12,-1) -> 0 | EC12: =+ROUNDDOWN($DV12*K12,-1) -> 0 | ED12: =+ROUNDDOWN($DV12*L12,-1) -> 0 | ... IL12: =+ROUNDDOWN($DV12*DT12,-1) -> 0 | IM12: =SUM(DX12,EE12,ER12,FE12,FF12,IL12) -> 0 | IS12: 0.01357224 | IT12: 0.01357224 | IU12: 0.0023862 | IV12: 0 | IW12: 0 | IX12: 0 | IY12: 0.02953068
A13: 저축성 | D13: 3년납이상 | E13: =IY13/1200% -> 0.0152872 | F13: =IS13*$F$8 -> 0.04071672 | G13: =+M13/6 -> 0.00678612 | H13: =+G13 -> 0.00678612 | I13: =+H13 -> 0.00678612 | J13: =+I13 -> 0.00678612 | K13: =+J13 -> 0.00678612 | L13: =+K13 -> 0.00678612 | M13: =IT13*$F$8 -> 0.04071672 | N13: =+Z13/12 -> 0.0023862 | O13: =+N13 -> 0.0023862 | P13: =+O13 -> 0.0023862 | Q13: =+P13 -> 0.0023862 | R13: =+Q13 -> 0.0023862 | S13: =+R13 -> 0.0023862 | T13: =+S13 -> 0.0023862 | U13: =+T13 -> 0.0023862 | V13: =+U13 -> 0.0023862 | ... Y13: =+X13 -> 0.0023862 | Z13: =IU13*$F$8 -> 0.0286344 | AA13: =+AM13/12 -> 0 | AB13: =+AA13 -> 0 | AC13: =+AB13 -> 0 | AD13: =+AC13 -> 0 | AE13: =+AD13 -> 0 | AF13: =+AE13 -> 0 | AG13: =+AF13 -> 0 | AH13: =+AG13 -> 0 | AI13: =+AH13 -> 0 | ... AL13: =+AK13 -> 0 | AM13: =IV13*$F$8 -> 0 | AN13: =IW13*$F$8 -> 0 | AO13: =+DU13/83 -> 0.0013261186 | AP13: =+AO13 -> 0.0013261186 | AQ13: =+AP13 -> 0.0013261186 | AR13: =+AQ13 -> 0.0013261186 | AS13: =+AR13 -> 0.0013261186 | AT13: =+AS13 -> 0.0013261186 | AU13: =+AT13 -> 0.0013261186 | AV13: =+AU13 -> 0.0013261186 | AW13: =+AV13 -> 0.0013261186 | ... DS13: =+DR13 -> 0.0013261186 | DT13: =+IX13*$F$8 -> 0 | DU13: =+IY13*$F$8 -> 0.11006784 | DW13: =+ROUNDDOWN($DV13*E13,-1) -> 0 | DX13: =+ROUNDDOWN($DV13*F13,-1) -> 0 | DY13: =+ROUNDDOWN($DV13*G13,-1) -> 0 | DZ13: =+ROUNDDOWN($DV13*H13,-1) -> 0 | EA13: =+ROUNDDOWN($DV13*I13,-1) -> 0 | EB13: =+ROUNDDOWN($DV13*J13,-1) -> 0 | EC13: =+ROUNDDOWN($DV13*K13,-1) -> 0 | ED13: =+ROUNDDOWN($DV13*L13,-1) -> 0 | ... IL13: =+ROUNDDOWN($DV13*DT13,-1) -> 0 | IM13: =SUM(DX13,EE13,ER13,FE13,FF13,IL13) -> 0 | IS13: 0.0678612 | IT13: 0.0678612 | IU13: 0.047724 | IV13: 0 | IW13: 0 | IX13: 0 | IY13: 0.1834464
A14: 저축성 | D14: 5년납이상 | E14: =IY14/1200% -> 0.19109 | F14: =IS14*$F$8 -> 0.508959 | G14: =+M14/6 -> 0.0848265 | H14: =+G14 -> 0.0848265 | I14: =+H14 -> 0.0848265 | J14: =+I14 -> 0.0848265 | K14: =+J14 -> 0.0848265 | L14: =+K14 -> 0.0848265 | M14: =IT14*$F$8 -> 0.508959 | N14: =+Z14/12 -> 0.0298275 | O14: =+N14 -> 0.0298275 | P14: =+O14 -> 0.0298275 | Q14: =+P14 -> 0.0298275 | R14: =+Q14 -> 0.0298275 | S14: =+R14 -> 0.0298275 | T14: =+S14 -> 0.0298275 | U14: =+T14 -> 0.0298275 | V14: =+U14 -> 0.0298275 | ... Y14: =+X14 -> 0.0298275 | Z14: =IU14*$F$8 -> 0.35793 | AA14: =+AM14/12 -> 0 | AB14: =+AA14 -> 0 | AC14: =+AB14 -> 0 | AD14: =+AC14 -> 0 | AE14: =+AD14 -> 0 | AF14: =+AE14 -> 0 | AG14: =+AF14 -> 0 | AH14: =+AG14 -> 0 | AI14: =+AH14 -> 0 | ... AL14: =+AK14 -> 0 | AM14: =IV14*$F$8 -> 0 | AN14: =IW14*$F$8 -> 0 | AO14: =+DU14/83 -> 0.016576482 | AP14: =+AO14 -> 0.016576482 | AQ14: =+AP14 -> 0.016576482 | AR14: =+AQ14 -> 0.016576482 | AS14: =+AR14 -> 0.016576482 | AT14: =+AS14 -> 0.016576482 | AU14: =+AT14 -> 0.016576482 | AV14: =+AU14 -> 0.016576482 | AW14: =+AV14 -> 0.016576482 | ... DS14: =+DR14 -> 0.016576482 | DT14: =+IX14*$F$8 -> 0 | DU14: =+IY14*$F$8 -> 1.375848 | DW14: =+ROUNDDOWN($DV14*E14,-1) -> 0 | DX14: =+ROUNDDOWN($DV14*F14,-1) -> 0 | DY14: =+ROUNDDOWN($DV14*G14,-1) -> 0 | DZ14: =+ROUNDDOWN($DV14*H14,-1) -> 0 | EA14: =+ROUNDDOWN($DV14*I14,-1) -> 0 | EB14: =+ROUNDDOWN($DV14*J14,-1) -> 0 | EC14: =+ROUNDDOWN($DV14*K14,-1) -> 0 | ED14: =+ROUNDDOWN($DV14*L14,-1) -> 0 | ... IL14: =+ROUNDDOWN($DV14*DT14,-1) -> 0 | IM14: =SUM(DX14,EE14,ER14,FE14,FF14,IL14) -> 0 | IS14: 0.848265 | IT14: 0.848265 | IU14: 0.59655 | IV14: 0 | IW14: 0 | IX14: 0 | IY14: 2.29308
A15: 저축성 | D15: 7년납이상 | E15: =IY15/1200% -> 0.3126504 | F15: =IS15*$F$8 -> 0.79397604 | G15: =+M15/6 -> 0.13232934 | H15: =+G15 -> 0.13232934 | I15: =+H15 -> 0.13232934 | J15: =+I15 -> 0.13232934 | K15: =+J15 -> 0.13232934 | L15: =+K15 -> 0.13232934 | M15: =IT15*$F$8 -> 0.79397604 | N15: =+Z15/12 -> 0.0508959 | O15: =+N15 -> 0.0508959 | P15: =+O15 -> 0.0508959 | Q15: =+P15 -> 0.0508959 | R15: =+Q15 -> 0.0508959 | S15: =+R15 -> 0.0508959 | T15: =+S15 -> 0.0508959 | U15: =+T15 -> 0.0508959 | V15: =+U15 -> 0.0508959 | ... Y15: =+X15 -> 0.0508959 | Z15: =IU15*$F$8 -> 0.6107508 | AA15: =+AM15/12 -> 0.004365 | AB15: =+AA15 -> 0.004365 | AC15: =+AB15 -> 0.004365 | AD15: =+AC15 -> 0.004365 | AE15: =+AD15 -> 0.004365 | AF15: =+AE15 -> 0.004365 | AG15: =+AF15 -> 0.004365 | AH15: =+AG15 -> 0.004365 | AI15: =+AH15 -> 0.004365 | ... AL15: =+AK15 -> 0.004365 | AM15: =IV15*$F$8 -> 0.05238 | AN15: =IW15*$F$8 -> 0 | AO15: =+DU15/83 -> 0.02712148 | AP15: =+AO15 -> 0.02712148 | AQ15: =+AP15 -> 0.02712148 | AR15: =+AQ15 -> 0.02712148 | AS15: =+AR15 -> 0.02712148 | AT15: =+AS15 -> 0.02712148 | AU15: =+AT15 -> 0.02712148 | AV15: =+AU15 -> 0.02712148 | AW15: =+AV15 -> 0.02712148 | ... DS15: =+DR15 -> 0.02712148 | DT15: =+IX15*$F$8 -> 0 | DU15: =+IY15*$F$8 -> 2.2510829 | DW15: =+ROUNDDOWN($DV15*E15,-1) -> 0 | DX15: =+ROUNDDOWN($DV15*F15,-1) -> 0 | DY15: =+ROUNDDOWN($DV15*G15,-1) -> 0 | DZ15: =+ROUNDDOWN($DV15*H15,-1) -> 0 | EA15: =+ROUNDDOWN($DV15*I15,-1) -> 0 | EB15: =+ROUNDDOWN($DV15*J15,-1) -> 0 | EC15: =+ROUNDDOWN($DV15*K15,-1) -> 0 | ED15: =+ROUNDDOWN($DV15*L15,-1) -> 0 | ... IL15: =+ROUNDDOWN($DV15*DT15,-1) -> 0 | IM15: =SUM(DX15,EE15,ER15,FE15,FF15,IL15) -> 0 | IS15: 1.3232934 | IT15: 1.3232934 | IU15: 1.017918 | IV15: 0.0873 | IW15: 0 | IX15: 0 | IY15: 3.7518048
A16: 저축성 | D16: 10년납이상 | E16: =IY16/1200% -> 0.449498 | F16: =IS16*$F$8 -> 1.1197098 | G16: =+M16/6 -> 0.1866183 | H16: =+G16 -> 0.1866183 | I16: =+H16 -> 0.1866183 | J16: =+I16 -> 0.1866183 | K16: =+J16 -> 0.1866183 | L16: =+K16 -> 0.1866183 | M16: =IT16*$F$8 -> 1.1197098 | N16: =+Z16/12 -> 0.0743505 | O16: =+N16 -> 0.0743505 | P16: =+O16 -> 0.0743505 | Q16: =+P16 -> 0.0743505 | R16: =+Q16 -> 0.0743505 | S16: =+R16 -> 0.0743505 | T16: =+S16 -> 0.0743505 | U16: =+T16 -> 0.0743505 | V16: =+U16 -> 0.0743505 | ... Y16: =+X16 -> 0.0743505 | Z16: =IU16*$F$8 -> 0.892206 | AA16: =+AM16/12 -> 0.00873 | AB16: =+AA16 -> 0.00873 | AC16: =+AB16 -> 0.00873 | AD16: =+AC16 -> 0.00873 | AE16: =+AD16 -> 0.00873 | AF16: =+AE16 -> 0.00873 | AG16: =+AF16 -> 0.00873 | AH16: =+AG16 -> 0.00873 | AI16: =+AH16 -> 0.00873 | ... AL16: =+AK16 -> 0.00873 | AM16: =IV16*$F$8 -> 0.10476 | AN16: =IW16*$F$8 -> 0 | AO16: =+DU16/83 -> 0.038992598 | AP16: =+AO16 -> 0.038992598 | AQ16: =+AP16 -> 0.038992598 | AR16: =+AQ16 -> 0.038992598 | AS16: =+AR16 -> 0.038992598 | AT16: =+AS16 -> 0.038992598 | AU16: =+AT16 -> 0.038992598 | AV16: =+AU16 -> 0.038992598 | AW16: =+AV16 -> 0.038992598 | ... DS16: =+DR16 -> 0.038992598 | DT16: =+IX16*$F$8 -> 0 | DU16: =+IY16*$F$8 -> 3.2363856 | DW16: =+ROUNDDOWN($DV16*E16,-1) -> 0 | DX16: =+ROUNDDOWN($DV16*F16,-1) -> 0 | DY16: =+ROUNDDOWN($DV16*G16,-1) -> 0 | DZ16: =+ROUNDDOWN($DV16*H16,-1) -> 0 | EA16: =+ROUNDDOWN($DV16*I16,-1) -> 0 | EB16: =+ROUNDDOWN($DV16*J16,-1) -> 0 | EC16: =+ROUNDDOWN($DV16*K16,-1) -> 0 | ED16: =+ROUNDDOWN($DV16*L16,-1) -> 0 | ... IL16: =+ROUNDDOWN($DV16*DT16,-1) -> 0 | IM16: =SUM(DX16,EE16,ER16,FE16,FF16,IL16) -> 0 | IS16: 1.866183 | IT16: 1.866183 | IU16: 1.48701 | IV16: 0.1746 | IW16: 0 | IX16: 0 | IY16: 5.393976
A17: 저축성 | B17: 미래에셋생명 변액연금보험 무배당 (연금액강화형, 미보증형) | D17: 일시납 | E17: =IY17/1200% -> 0.003691335 | F17: =IS17*$F$8 -> 0.012215016 | G17: =+M17/6 -> 0.002035836 | H17: =+G17 -> 0.002035836 | I17: =+H17 -> 0.002035836 | J17: =+I17 -> 0.002035836 | K17: =+J17 -> 0.002035836 | L17: =+K17 -> 0.002035836 | M17: =IT17*$F$8 -> 0.012215016 | N17: =+Z17/12 -> 0.000178965 | O17: =+N17 -> 0.000178965 | P17: =+O17 -> 0.000178965 | Q17: =+P17 -> 0.000178965 | R17: =+Q17 -> 0.000178965 | S17: =+R17 -> 0.000178965 | T17: =+S17 -> 0.000178965 | U17: =+T17 -> 0.000178965 | V17: =+U17 -> 0.000178965 | ... Y17: =+X17 -> 0.000178965 | Z17: =IU17*$F$8 -> 0.00214758 | AA17: =+AM17/12 -> 0 | AB17: =+AA17 -> 0 | AC17: =+AB17 -> 0 | AD17: =+AC17 -> 0 | AE17: =+AD17 -> 0 | AF17: =+AE17 -> 0 | AG17: =+AF17 -> 0 | AH17: =+AG17 -> 0 | AI17: =+AH17 -> 0 | ... AL17: =+AK17 -> 0 | AM17: =IV17*$F$8 -> 0 | AN17: =IW17*$F$8 -> 0 | AO17: =+DU17/83 -> 0.00032021219 | AP17: =+AO17 -> 0.00032021219 | AQ17: =+AP17 -> 0.00032021219 | AR17: =+AQ17 -> 0.00032021219 | AS17: =+AR17 -> 0.00032021219 | AT17: =+AS17 -> 0.00032021219 | AU17: =+AT17 -> 0.00032021219 | AV17: =+AU17 -> 0.00032021219 | AW17: =+AV17 -> 0.00032021219 | ... DS17: =+DR17 -> 0.00032021219 | DT17: =+IX17*$F$8 -> 0 | DU17: =+IY17*$F$8 -> 0.026577612 | DW17: =+ROUNDDOWN($DV17*E17,-1) -> 0 | DX17: =+ROUNDDOWN($DV17*F17,-1) -> 0 | DY17: =+ROUNDDOWN($DV17*G17,-1) -> 0 | DZ17: =+ROUNDDOWN($DV17*H17,-1) -> 0 | EA17: =+ROUNDDOWN($DV17*I17,-1) -> 0 | EB17: =+ROUNDDOWN($DV17*J17,-1) -> 0 | EC17: =+ROUNDDOWN($DV17*K17,-1) -> 0 | ED17: =+ROUNDDOWN($DV17*L17,-1) -> 0 | ... IL17: =+ROUNDDOWN($DV17*DT17,-1) -> 0 | IM17: =SUM(DX17,EE17,ER17,FE17,FF17,IL17) -> 0 | IS17: 0.02035836 | IT17: 0.02035836 | IU17: 0.0035793 | IV17: 0 | IW17: 0 | IX17: 0 | IY17: 0.04429602
A18: 저축성 | D18: 3년납이상 | E18: =IY18/1200% -> 0.19109 | F18: =IS18*$F$8 -> 0.508959 | G18: =+M18/6 -> 0.0848265 | H18: =+G18 -> 0.0848265 | I18: =+H18 -> 0.0848265 | J18: =+I18 -> 0.0848265 | K18: =+J18 -> 0.0848265 | L18: =+K18 -> 0.0848265 | M18: =IT18*$F$8 -> 0.508959 | N18: =+Z18/12 -> 0.0298275 | O18: =+N18 -> 0.0298275 | P18: =+O18 -> 0.0298275 | Q18: =+P18 -> 0.0298275 | R18: =+Q18 -> 0.0298275 | S18: =+R18 -> 0.0298275 | T18: =+S18 -> 0.0298275 | U18: =+T18 -> 0.0298275 | V18: =+U18 -> 0.0298275 | ... Y18: =+X18 -> 0.0298275 | Z18: =IU18*$F$8 -> 0.35793 | AA18: =+AM18/12 -> 0 | AB18: =+AA18 -> 0 | AC18: =+AB18 -> 0 | AD18: =+AC18 -> 0 | AE18: =+AD18 -> 0 | AF18: =+AE18 -> 0 | AG18: =+AF18 -> 0 | AH18: =+AG18 -> 0 | AI18: =+AH18 -> 0 | ... AL18: =+AK18 -> 0 | AM18: =IV18*$F$8 -> 0 | AN18: =IW18*$F$8 -> 0 | AO18: =+DU18/83 -> 0.016576482 | AP18: =+AO18 -> 0.016576482 | AQ18: =+AP18 -> 0.016576482 | AR18: =+AQ18 -> 0.016576482 | AS18: =+AR18 -> 0.016576482 | AT18: =+AS18 -> 0.016576482 | AU18: =+AT18 -> 0.016576482 | AV18: =+AU18 -> 0.016576482 | AW18: =+AV18 -> 0.016576482 | ... DS18: =+DR18 -> 0.016576482 | DT18: =+IX18*$F$8 -> 0 | DU18: =+IY18*$F$8 -> 1.375848 | DW18: =+ROUNDDOWN($DV18*E18,-1) -> 0 | DX18: =+ROUNDDOWN($DV18*F18,-1) -> 0 | DY18: =+ROUNDDOWN($DV18*G18,-1) -> 0 | DZ18: =+ROUNDDOWN($DV18*H18,-1) -> 0 | EA18: =+ROUNDDOWN($DV18*I18,-1) -> 0 | EB18: =+ROUNDDOWN($DV18*J18,-1) -> 0 | EC18: =+ROUNDDOWN($DV18*K18,-1) -> 0 | ED18: =+ROUNDDOWN($DV18*L18,-1) -> 0 | ... IL18: =+ROUNDDOWN($DV18*DT18,-1) -> 0 | IM18: =SUM(DX18,EE18,ER18,FE18,FF18,IL18) -> 0 | IS18: 0.848265 | IT18: 0.848265 | IU18: 0.59655 | IV18: 0 | IW18: 0 | IX18: 0 | IY18: 2.29308
A19: 저축성 | D19: 5년납이상 | E19: =IY19/1200% -> 0.373062 | F19: =IS19*$F$8 -> 0.9161262 | G19: =+M19/6 -> 0.1526877 | H19: =+G19 -> 0.1526877 | I19: =+H19 -> 0.1526877 | J19: =+I19 -> 0.1526877 | K19: =+J19 -> 0.1526877 | L19: =+K19 -> 0.1526877 | M19: =IT19*$F$8 -> 0.9161262 | N19: =+Z19/12 -> 0.0624195 | O19: =+N19 -> 0.0624195 | P19: =+O19 -> 0.0624195 | Q19: =+P19 -> 0.0624195 | R19: =+Q19 -> 0.0624195 | S19: =+R19 -> 0.0624195 | T19: =+S19 -> 0.0624195 | U19: =+T19 -> 0.0624195 | V19: =+U19 -> 0.0624195 | ... Y19: =+X19 -> 0.0624195 | Z19: =IU19*$F$8 -> 0.749034 | AA19: =+AM19/12 -> 0.00873 | AB19: =+AA19 -> 0.00873 | AC19: =+AB19 -> 0.00873 | AD19: =+AC19 -> 0.00873 | AE19: =+AD19 -> 0.00873 | AF19: =+AE19 -> 0.00873 | AG19: =+AF19 -> 0.00873 | AH19: =+AG19 -> 0.00873 | AI19: =+AH19 -> 0.00873 | ... AL19: =+AK19 -> 0.00873 | AM19: =IV19*$F$8 -> 0.10476 | AN19: =IW19*$F$8 -> 0 | AO19: =+DU19/83 -> 0.032362005 | AP19: =+AO19 -> 0.032362005 | AQ19: =+AP19 -> 0.032362005 | AR19: =+AQ19 -> 0.032362005 | AS19: =+AR19 -> 0.032362005 | AT19: =+AS19 -> 0.032362005 | AU19: =+AT19 -> 0.032362005 | AV19: =+AU19 -> 0.032362005 | AW19: =+AV19 -> 0.032362005 | ... DS19: =+DR19 -> 0.032362005 | DT19: =+IX19*$F$8 -> 0 | DU19: =+IY19*$F$8 -> 2.6860464 | DW19: =+ROUNDDOWN($DV19*E19,-1) -> 0 | DX19: =+ROUNDDOWN($DV19*F19,-1) -> 0 | DY19: =+ROUNDDOWN($DV19*G19,-1) -> 0 | DZ19: =+ROUNDDOWN($DV19*H19,-1) -> 0 | EA19: =+ROUNDDOWN($DV19*I19,-1) -> 0 | EB19: =+ROUNDDOWN($DV19*J19,-1) -> 0 | EC19: =+ROUNDDOWN($DV19*K19,-1) -> 0 | ED19: =+ROUNDDOWN($DV19*L19,-1) -> 0 | ... IL19: =+ROUNDDOWN($DV19*DT19,-1) -> 0 | IM19: =SUM(DX19,EE19,ER19,FE19,FF19,IL19) -> 0 | IS19: 1.526877 | IT19: 1.526877 | IU19: 1.24839 | IV19: 0.1746 | IW19: 0 | IX19: 0 | IY19: 4.476744
A20: 저축성 | D20: 7년납이상 | E20: =IY20/1200% -> 0.44038 | F20: =IS20*$F$8 -> 1.017918 | G20: =+M20/6 -> 0.169653 | H20: =+G20 -> 0.169653 | I20: =+H20 -> 0.169653 | J20: =+I20 -> 0.169653 | K20: =+J20 -> 0.169653 | L20: =+K20 -> 0.169653 | M20: =IT20*$F$8 -> 1.017918 | N20: =+Z20/12 -> 0.077115 | O20: =+N20 -> 0.077115 | P20: =+O20 -> 0.077115 | Q20: =+P20 -> 0.077115 | R20: =+Q20 -> 0.077115 | S20: =+R20 -> 0.077115 | T20: =+S20 -> 0.077115 | U20: =+T20 -> 0.077115 | V20: =+U20 -> 0.077115 | ... Y20: =+X20 -> 0.077115 | Z20: =IU20*$F$8 -> 0.92538 | AA20: =+AM20/12 -> 0.01746 | AB20: =+AA20 -> 0.01746 | AC20: =+AB20 -> 0.01746 | AD20: =+AC20 -> 0.01746 | AE20: =+AD20 -> 0.01746 | AF20: =+AE20 -> 0.01746 | AG20: =+AF20 -> 0.01746 | AH20: =+AG20 -> 0.01746 | AI20: =+AH20 -> 0.01746 | ... AL20: =+AK20 -> 0.01746 | AM20: =IV20*$F$8 -> 0.20952 | AN20: =IW20*$F$8 -> 0 | AO20: =+DU20/83 -> 0.038201639 | AP20: =+AO20 -> 0.038201639 | AQ20: =+AP20 -> 0.038201639 | AR20: =+AQ20 -> 0.038201639 | AS20: =+AR20 -> 0.038201639 | AT20: =+AS20 -> 0.038201639 | AU20: =+AT20 -> 0.038201639 | AV20: =+AU20 -> 0.038201639 | AW20: =+AV20 -> 0.038201639 | ... DS20: =+DR20 -> 0.038201639 | DT20: =+IX20*$F$8 -> 0 | DU20: =+IY20*$F$8 -> 3.170736 | DW20: =+ROUNDDOWN($DV20*E20,-1) -> 0 | DX20: =+ROUNDDOWN($DV20*F20,-1) -> 0 | DY20: =+ROUNDDOWN($DV20*G20,-1) -> 0 | DZ20: =+ROUNDDOWN($DV20*H20,-1) -> 0 | EA20: =+ROUNDDOWN($DV20*I20,-1) -> 0 | EB20: =+ROUNDDOWN($DV20*J20,-1) -> 0 | EC20: =+ROUNDDOWN($DV20*K20,-1) -> 0 | ED20: =+ROUNDDOWN($DV20*L20,-1) -> 0 | ... IL20: =+ROUNDDOWN($DV20*DT20,-1) -> 0 | IM20: =SUM(DX20,EE20,ER20,FE20,FF20,IL20) -> 0 | IS20: 1.69653 | IT20: 1.69653 | IU20: 1.5423 | IV20: 0.3492 | IW20: 0 | IX20: 0 | IY20: 5.28456
A21: 저축성 | D21: 10년납이상 | E21: =IY21/1200% -> 0.63147 | F21: =IS21*$F$8 -> 1.526877 | G21: =+M21/6 -> 0.2544795 | H21: =+G21 -> 0.2544795 | I21: =+H21 -> 0.2544795 | J21: =+I21 -> 0.2544795 | K21: =+J21 -> 0.2544795 | L21: =+K21 -> 0.2544795 | M21: =IT21*$F$8 -> 1.526877 | N21: =+Z21/12 -> 0.1069425 | O21: =+N21 -> 0.1069425 | P21: =+O21 -> 0.1069425 | Q21: =+P21 -> 0.1069425 | R21: =+Q21 -> 0.1069425 | S21: =+R21 -> 0.1069425 | T21: =+S21 -> 0.1069425 | U21: =+T21 -> 0.1069425 | V21: =+U21 -> 0.1069425 | ... Y21: =+X21 -> 0.1069425 | Z21: =IU21*$F$8 -> 1.28331 | AA21: =+AM21/12 -> 0.01746 | AB21: =+AA21 -> 0.01746 | AC21: =+AB21 -> 0.01746 | AD21: =+AC21 -> 0.01746 | AE21: =+AD21 -> 0.01746 | AF21: =+AE21 -> 0.01746 | AG21: =+AF21 -> 0.01746 | AH21: =+AG21 -> 0.01746 | AI21: =+AH21 -> 0.01746 | ... AL21: =+AK21 -> 0.01746 | AM21: =IV21*$F$8 -> 0.20952 | AN21: =IW21*$F$8 -> 0 | AO21: =+DU21/83 -> 0.05477812 | AP21: =+AO21 -> 0.05477812 | AQ21: =+AP21 -> 0.05477812 | AR21: =+AQ21 -> 0.05477812 | AS21: =+AR21 -> 0.05477812 | AT21: =+AS21 -> 0.05477812 | AU21: =+AT21 -> 0.05477812 | AV21: =+AU21 -> 0.05477812 | AW21: =+AV21 -> 0.05477812 | ... DS21: =+DR21 -> 0.05477812 | DT21: =+IX21*$F$8 -> 0 | DU21: =+IY21*$F$8 -> 4.546584 | DW21: =+ROUNDDOWN($DV21*E21,-1) -> 0 | DX21: =+ROUNDDOWN($DV21*F21,-1) -> 0 | DY21: =+ROUNDDOWN($DV21*G21,-1) -> 0 | DZ21: =+ROUNDDOWN($DV21*H21,-1) -> 0 | EA21: =+ROUNDDOWN($DV21*I21,-1) -> 0 | EB21: =+ROUNDDOWN($DV21*J21,-1) -> 0 | EC21: =+ROUNDDOWN($DV21*K21,-1) -> 0 | ED21: =+ROUNDDOWN($DV21*L21,-1) -> 0 | ... IL21: =+ROUNDDOWN($DV21*DT21,-1) -> 0 | IM21: =SUM(DX21,EE21,ER21,FE21,FF21,IL21) -> 0 | IS21: 2.544795 | IT21: 2.544795 | IU21: 2.13885 | IV21: 0.3492 | IW21: 0 | IX21: 0 | IY21: 7.57764
A22: 저축성 | D22: 12년납이상 | E22: =IY22/1200% -> 0.63147 | F22: =IS22*$F$8 -> 1.526877 | G22: =+M22/6 -> 0.2544795 | H22: =+G22 -> 0.2544795 | I22: =+H22 -> 0.2544795 | J22: =+I22 -> 0.2544795 | K22: =+J22 -> 0.2544795 | L22: =+K22 -> 0.2544795 | M22: =IT22*$F$8 -> 1.526877 | N22: =+Z22/12 -> 0.1069425 | O22: =+N22 -> 0.1069425 | P22: =+O22 -> 0.1069425 | Q22: =+P22 -> 0.1069425 | R22: =+Q22 -> 0.1069425 | S22: =+R22 -> 0.1069425 | T22: =+S22 -> 0.1069425 | U22: =+T22 -> 0.1069425 | V22: =+U22 -> 0.1069425 | ... Y22: =+X22 -> 0.1069425 | Z22: =IU22*$F$8 -> 1.28331 | AA22: =+AM22/12 -> 0.01746 | AB22: =+AA22 -> 0.01746 | AC22: =+AB22 -> 0.01746 | AD22: =+AC22 -> 0.01746 | AE22: =+AD22 -> 0.01746 | AF22: =+AE22 -> 0.01746 | AG22: =+AF22 -> 0.01746 | AH22: =+AG22 -> 0.01746 | AI22: =+AH22 -> 0.01746 | ... AL22: =+AK22 -> 0.01746 | AM22: =IV22*$F$8 -> 0.20952 | AN22: =IW22*$F$8 -> 0 | AO22: =+DU22/83 -> 0.05477812 | AP22: =+AO22 -> 0.05477812 | AQ22: =+AP22 -> 0.05477812 | AR22: =+AQ22 -> 0.05477812 | AS22: =+AR22 -> 0.05477812 | AT22: =+AS22 -> 0.05477812 | AU22: =+AT22 -> 0.05477812 | AV22: =+AU22 -> 0.05477812 | AW22: =+AV22 -> 0.05477812 | ... DS22: =+DR22 -> 0.05477812 | DT22: =+IX22*$F$8 -> 0 | DU22: =+IY22*$F$8 -> 4.546584 | DW22: =+ROUNDDOWN($DV22*E22,-1) -> 0 | DX22: =+ROUNDDOWN($DV22*F22,-1) -> 0 | DY22: =+ROUNDDOWN($DV22*G22,-1) -> 0 | DZ22: =+ROUNDDOWN($DV22*H22,-1) -> 0 | EA22: =+ROUNDDOWN($DV22*I22,-1) -> 0 | EB22: =+ROUNDDOWN($DV22*J22,-1) -> 0 | EC22: =+ROUNDDOWN($DV22*K22,-1) -> 0 | ED22: =+ROUNDDOWN($DV22*L22,-1) -> 0 | ... IL22: =+ROUNDDOWN($DV22*DT22,-1) -> 0 | IM22: =SUM(DX22,EE22,ER22,FE22,FF22,IL22) -> 0 | IS22: 2.544795 | IT22: 2.544795 | IU22: 2.13885 | IV22: 0.3492 | IW22: 0 | IX22: 0 | IY22: 7.57764
A23: 저축성 | B23: 미래에셋생명 변액연금보험 무배당 (기본형, 보증형) | D23: 일시납 | E23: =IY23/1200% -> 0.0023378455 | F23: =IS23*$F$8 -> 0.0077361768 | G23: =+M23/6 -> 0.0012893628 | H23: =+G23 -> 0.0012893628 | I23: =+H23 -> 0.0012893628 | J23: =+I23 -> 0.0012893628 | K23: =+J23 -> 0.0012893628 | L23: =+K23 -> 0.0012893628 | M23: =IT23*$F$8 -> 0.0077361768 | N23: =+Z23/12 -> 0.0001133445 | O23: =+N23 -> 0.0001133445 | P23: =+O23 -> 0.0001133445 | Q23: =+P23 -> 0.0001133445 | R23: =+Q23 -> 0.0001133445 | S23: =+R23 -> 0.0001133445 | T23: =+S23 -> 0.0001133445 | U23: =+T23 -> 0.0001133445 | V23: =+U23 -> 0.0001133445 | ... Y23: =+X23 -> 0.0001133445 | Z23: =IU23*$F$8 -> 0.001360134 | AA23: =+AM23/12 -> 0 | AB23: =+AA23 -> 0 | AC23: =+AB23 -> 0 | AD23: =+AC23 -> 0 | AE23: =+AD23 -> 0 | AF23: =+AE23 -> 0 | AG23: =+AF23 -> 0 | AH23: =+AG23 -> 0 | AI23: =+AH23 -> 0 | ... AL23: =+AK23 -> 0 | AM23: =IV23*$F$8 -> 0 | AN23: =IW23*$F$8 -> 0 | AO23: =+DU23/83 -> 0.00020280106 | AP23: =+AO23 -> 0.00020280106 | AQ23: =+AP23 -> 0.00020280106 | AR23: =+AQ23 -> 0.00020280106 | AS23: =+AR23 -> 0.00020280106 | AT23: =+AS23 -> 0.00020280106 | AU23: =+AT23 -> 0.00020280106 | AV23: =+AU23 -> 0.00020280106 | AW23: =+AV23 -> 0.00020280106 | ... DS23: =+DR23 -> 0.00020280106 | DT23: =+IX23*$F$8 -> 0 | DU23: =+IY23*$F$8 -> 0.016832488 | DW23: =+ROUNDDOWN($DV23*E23,-1) -> 0 | DX23: =+ROUNDDOWN($DV23*F23,-1) -> 0 | DY23: =+ROUNDDOWN($DV23*G23,-1) -> 0 | DZ23: =+ROUNDDOWN($DV23*H23,-1) -> 0 | EA23: =+ROUNDDOWN($DV23*I23,-1) -> 0 | EB23: =+ROUNDDOWN($DV23*J23,-1) -> 0 | EC23: =+ROUNDDOWN($DV23*K23,-1) -> 0 | ED23: =+ROUNDDOWN($DV23*L23,-1) -> 0 | ... IL23: =+ROUNDDOWN($DV23*DT23,-1) -> 0 | IM23: =SUM(DX23,EE23,ER23,FE23,FF23,IL23) -> 0 | IS23: 0.012893628 | IT23: 0.012893628 | IU23: 0.00226689 | IV23: 0 | IW23: 0 | IX23: 0 | IY23: 0.028054146
A24: 저축성 | D24: 3년납이상 | E24: =IY24/1200% -> 0.0076436 | F24: =IS24*$F$8 -> 0.02035836 | G24: =+M24/6 -> 0.00339306 | H24: =+G24 -> 0.00339306 | I24: =+H24 -> 0.00339306 | J24: =+I24 -> 0.00339306 | K24: =+J24 -> 0.00339306 | L24: =+K24 -> 0.00339306 | M24: =IT24*$F$8 -> 0.02035836 | N24: =+Z24/12 -> 0.0011931 | O24: =+N24 -> 0.0011931 | P24: =+O24 -> 0.0011931 | Q24: =+P24 -> 0.0011931 | R24: =+Q24 -> 0.0011931 | S24: =+R24 -> 0.0011931 | T24: =+S24 -> 0.0011931 | U24: =+T24 -> 0.0011931 | V24: =+U24 -> 0.0011931 | ... Y24: =+X24 -> 0.0011931 | Z24: =IU24*$F$8 -> 0.0143172 | AA24: =+AM24/12 -> 0 | AB24: =+AA24 -> 0 | AC24: =+AB24 -> 0 | AD24: =+AC24 -> 0 | AE24: =+AD24 -> 0 | AF24: =+AE24 -> 0 | AG24: =+AF24 -> 0 | AH24: =+AG24 -> 0 | AI24: =+AH24 -> 0 | ... AL24: =+AK24 -> 0 | AM24: =IV24*$F$8 -> 0 | AN24: =IW24*$F$8 -> 0 | AO24: =+DU24/83 -> 0.00066305928 | AP24: =+AO24 -> 0.00066305928 | AQ24: =+AP24 -> 0.00066305928 | AR24: =+AQ24 -> 0.00066305928 | AS24: =+AR24 -> 0.00066305928 | AT24: =+AS24 -> 0.00066305928 | AU24: =+AT24 -> 0.00066305928 | AV24: =+AU24 -> 0.00066305928 | AW24: =+AV24 -> 0.00066305928 | ... DS24: =+DR24 -> 0.00066305928 | DT24: =+IX24*$F$8 -> 0 | DU24: =+IY24*$F$8 -> 0.05503392 | DW24: =+ROUNDDOWN($DV24*E24,-1) -> 0 | DX24: =+ROUNDDOWN($DV24*F24,-1) -> 0 | DY24: =+ROUNDDOWN($DV24*G24,-1) -> 0 | DZ24: =+ROUNDDOWN($DV24*H24,-1) -> 0 | EA24: =+ROUNDDOWN($DV24*I24,-1) -> 0 | EB24: =+ROUNDDOWN($DV24*J24,-1) -> 0 | EC24: =+ROUNDDOWN($DV24*K24,-1) -> 0 | ED24: =+ROUNDDOWN($DV24*L24,-1) -> 0 | ... IL24: =+ROUNDDOWN($DV24*DT24,-1) -> 0 | IM24: =SUM(DX24,EE24,ER24,FE24,FF24,IL24) -> 0 | IS24: 0.0339306 | IT24: 0.0339306 | IU24: 0.023862 | IV24: 0 | IW24: 0 | IX24: 0 | IY24: 0.0917232
A25: 저축성 | D25: 5년납이상 | E25: =IY25/1200% -> 0.152872 | F25: =IS25*$F$8 -> 0.4071672 | G25: =+M25/6 -> 0.0678612 | H25: =+G25 -> 0.0678612 | I25: =+H25 -> 0.0678612 | J25: =+I25 -> 0.0678612 | K25: =+J25 -> 0.0678612 | L25: =+K25 -> 0.0678612 | M25: =IT25*$F$8 -> 0.4071672 | N25: =+Z25/12 -> 0.023862 | O25: =+N25 -> 0.023862 | P25: =+O25 -> 0.023862 | Q25: =+P25 -> 0.023862 | R25: =+Q25 -> 0.023862 | S25: =+R25 -> 0.023862 | T25: =+S25 -> 0.023862 | U25: =+T25 -> 0.023862 | V25: =+U25 -> 0.023862 | ... Y25: =+X25 -> 0.023862 | Z25: =IU25*$F$8 -> 0.286344 | AA25: =+AM25/12 -> 0 | AB25: =+AA25 -> 0 | AC25: =+AB25 -> 0 | AD25: =+AC25 -> 0 | AE25: =+AD25 -> 0 | AF25: =+AE25 -> 0 | AG25: =+AF25 -> 0 | AH25: =+AG25 -> 0 | AI25: =+AH25 -> 0 | ... AL25: =+AK25 -> 0 | AM25: =IV25*$F$8 -> 0 | AN25: =IW25*$F$8 -> 0 | AO25: =+DU25/83 -> 0.013261186 | AP25: =+AO25 -> 0.013261186 | AQ25: =+AP25 -> 0.013261186 | AR25: =+AQ25 -> 0.013261186 | AS25: =+AR25 -> 0.013261186 | AT25: =+AS25 -> 0.013261186 | AU25: =+AT25 -> 0.013261186 | AV25: =+AU25 -> 0.013261186 | AW25: =+AV25 -> 0.013261186 | ... DS25: =+DR25 -> 0.013261186 | DT25: =+IX25*$F$8 -> 0 | DU25: =+IY25*$F$8 -> 1.1006784 | DW25: =+ROUNDDOWN($DV25*E25,-1) -> 0 | DX25: =+ROUNDDOWN($DV25*F25,-1) -> 0 | DY25: =+ROUNDDOWN($DV25*G25,-1) -> 0 | DZ25: =+ROUNDDOWN($DV25*H25,-1) -> 0 | EA25: =+ROUNDDOWN($DV25*I25,-1) -> 0 | EB25: =+ROUNDDOWN($DV25*J25,-1) -> 0 | EC25: =+ROUNDDOWN($DV25*K25,-1) -> 0 | ED25: =+ROUNDDOWN($DV25*L25,-1) -> 0 | ... IL25: =+ROUNDDOWN($DV25*DT25,-1) -> 0 | IM25: =SUM(DX25,EE25,ER25,FE25,FF25,IL25) -> 0 | IS25: 0.678612 | IT25: 0.678612 | IU25: 0.47724 | IV25: 0 | IW25: 0 | IX25: 0 | IY25: 1.834464
A26: 저축성 | D26: 7년납이상 | E26: =IY26/1200% -> 0.258408 | F26: =IS26*$F$8 -> 0.6107508 | G26: =+M26/6 -> 0.1017918 | H26: =+G26 -> 0.1017918 | I26: =+H26 -> 0.1017918 | J26: =+I26 -> 0.1017918 | K26: =+J26 -> 0.1017918 | L26: =+K26 -> 0.1017918 | M26: =IT26*$F$8 -> 0.6107508 | N26: =+Z26/12 -> 0.044523 | O26: =+N26 -> 0.044523 | P26: =+O26 -> 0.044523 | Q26: =+P26 -> 0.044523 | R26: =+Q26 -> 0.044523 | S26: =+R26 -> 0.044523 | T26: =+S26 -> 0.044523 | U26: =+T26 -> 0.044523 | V26: =+U26 -> 0.044523 | ... Y26: =+X26 -> 0.044523 | Z26: =IU26*$F$8 -> 0.534276 | AA26: =+AM26/12 -> 0.00873 | AB26: =+AA26 -> 0.00873 | AC26: =+AB26 -> 0.00873 | AD26: =+AC26 -> 0.00873 | AE26: =+AD26 -> 0.00873 | AF26: =+AE26 -> 0.00873 | AG26: =+AF26 -> 0.00873 | AH26: =+AG26 -> 0.00873 | AI26: =+AH26 -> 0.00873 | ... AL26: =+AK26 -> 0.00873 | AM26: =IV26*$F$8 -> 0.10476 | AN26: =IW26*$F$8 -> 0 | AO26: =+DU26/83 -> 0.022416116 | AP26: =+AO26 -> 0.022416116 | AQ26: =+AP26 -> 0.022416116 | AR26: =+AQ26 -> 0.022416116 | AS26: =+AR26 -> 0.022416116 | AT26: =+AS26 -> 0.022416116 | AU26: =+AT26 -> 0.022416116 | AV26: =+AU26 -> 0.022416116 | AW26: =+AV26 -> 0.022416116 | ... DS26: =+DR26 -> 0.022416116 | DT26: =+IX26*$F$8 -> 0 | DU26: =+IY26*$F$8 -> 1.8605376 | DW26: =+ROUNDDOWN($DV26*E26,-1) -> 0 | DX26: =+ROUNDDOWN($DV26*F26,-1) -> 0 | DY26: =+ROUNDDOWN($DV26*G26,-1) -> 0 | DZ26: =+ROUNDDOWN($DV26*H26,-1) -> 0 | EA26: =+ROUNDDOWN($DV26*I26,-1) -> 0 | EB26: =+ROUNDDOWN($DV26*J26,-1) -> 0 | EC26: =+ROUNDDOWN($DV26*K26,-1) -> 0 | ED26: =+ROUNDDOWN($DV26*L26,-1) -> 0 | ... IL26: =+ROUNDDOWN($DV26*DT26,-1) -> 0 | IM26: =SUM(DX26,EE26,ER26,FE26,FF26,IL26) -> 0 | IS26: 1.017918 | IT26: 1.017918 | IU26: 0.89046 | IV26: 0.1746 | IW26: 0 | IX26: 0 | IY26: 3.100896
A27: 저축성 | D27: 10년납이상 | E27: =IY27/1200% -> 0.373062 | F27: =IS27*$F$8 -> 0.9161262 | G27: =+M27/6 -> 0.1526877 | H27: =+G27 -> 0.1526877 | I27: =+H27 -> 0.1526877 | J27: =+I27 -> 0.1526877 | K27: =+J27 -> 0.1526877 | L27: =+K27 -> 0.1526877 | M27: =IT27*$F$8 -> 0.9161262 | N27: =+Z27/12 -> 0.0624195 | O27: =+N27 -> 0.0624195 | P27: =+O27 -> 0.0624195 | Q27: =+P27 -> 0.0624195 | R27: =+Q27 -> 0.0624195 | S27: =+R27 -> 0.0624195 | T27: =+S27 -> 0.0624195 | U27: =+T27 -> 0.0624195 | V27: =+U27 -> 0.0624195 | ... Y27: =+X27 -> 0.0624195 | Z27: =IU27*$F$8 -> 0.749034 | AA27: =+AM27/12 -> 0.00873 | AB27: =+AA27 -> 0.00873 | AC27: =+AB27 -> 0.00873 | AD27: =+AC27 -> 0.00873 | AE27: =+AD27 -> 0.00873 | AF27: =+AE27 -> 0.00873 | AG27: =+AF27 -> 0.00873 | AH27: =+AG27 -> 0.00873 | AI27: =+AH27 -> 0.00873 | ... AL27: =+AK27 -> 0.00873 | AM27: =IV27*$F$8 -> 0.10476 | AN27: =IW27*$F$8 -> 0 | AO27: =+DU27/83 -> 0.032362005 | AP27: =+AO27 -> 0.032362005 | AQ27: =+AP27 -> 0.032362005 | AR27: =+AQ27 -> 0.032362005 | AS27: =+AR27 -> 0.032362005 | AT27: =+AS27 -> 0.032362005 | AU27: =+AT27 -> 0.032362005 | AV27: =+AU27 -> 0.032362005 | AW27: =+AV27 -> 0.032362005 | ... DS27: =+DR27 -> 0.032362005 | DT27: =+IX27*$F$8 -> 0 | DU27: =+IY27*$F$8 -> 2.6860464 | DW27: =+ROUNDDOWN($DV27*E27,-1) -> 0 | DX27: =+ROUNDDOWN($DV27*F27,-1) -> 0 | DY27: =+ROUNDDOWN($DV27*G27,-1) -> 0 | DZ27: =+ROUNDDOWN($DV27*H27,-1) -> 0 | EA27: =+ROUNDDOWN($DV27*I27,-1) -> 0 | EB27: =+ROUNDDOWN($DV27*J27,-1) -> 0 | EC27: =+ROUNDDOWN($DV27*K27,-1) -> 0 | ED27: =+ROUNDDOWN($DV27*L27,-1) -> 0 | ... IL27: =+ROUNDDOWN($DV27*DT27,-1) -> 0 | IM27: =SUM(DX27,EE27,ER27,FE27,FF27,IL27) -> 0 | IS27: 1.526877 | IT27: 1.526877 | IU27: 1.24839 | IV27: 0.1746 | IW27: 0 | IX27: 0 | IY27: 4.476744
A28: 저축성 | B28: 미래에셋생명 변액연금보험 무배당 (연금액강화형, 보증형) | D28: 일시납 | E28: =IY28/1200% -> 0.00246089 | F28: =IS28*$F$8 -> 0.008143344 | G28: =+M28/6 -> 0.001357224 | H28: =+G28 -> 0.001357224 | I28: =+H28 -> 0.001357224 | J28: =+I28 -> 0.001357224 | K28: =+J28 -> 0.001357224 | L28: =+K28 -> 0.001357224 | M28: =IT28*$F$8 -> 0.008143344 | N28: =+Z28/12 -> 0.00011931 | O28: =+N28 -> 0.00011931 | P28: =+O28 -> 0.00011931 | Q28: =+P28 -> 0.00011931 | R28: =+Q28 -> 0.00011931 | S28: =+R28 -> 0.00011931 | T28: =+S28 -> 0.00011931 | U28: =+T28 -> 0.00011931 | V28: =+U28 -> 0.00011931 | ... Y28: =+X28 -> 0.00011931 | Z28: =IU28*$F$8 -> 0.00143172 | AA28: =+AM28/12 -> 0 | AB28: =+AA28 -> 0 | AC28: =+AB28 -> 0 | AD28: =+AC28 -> 0 | AE28: =+AD28 -> 0 | AF28: =+AE28 -> 0 | AG28: =+AF28 -> 0 | AH28: =+AG28 -> 0 | AI28: =+AH28 -> 0 | ... AL28: =+AK28 -> 0 | AM28: =IV28*$F$8 -> 0 | AN28: =IW28*$F$8 -> 0 | AO28: =+DU28/83 -> 0.0002134748 | AP28: =+AO28 -> 0.0002134748 | AQ28: =+AP28 -> 0.0002134748 | AR28: =+AQ28 -> 0.0002134748 | AS28: =+AR28 -> 0.0002134748 | AT28: =+AS28 -> 0.0002134748 | AU28: =+AT28 -> 0.0002134748 | AV28: =+AU28 -> 0.0002134748 | AW28: =+AV28 -> 0.0002134748 | ... DS28: =+DR28 -> 0.0002134748 | DT28: =+IX28*$F$8 -> 0 | DU28: =+IY28*$F$8 -> 0.017718408 | DW28: =+ROUNDDOWN($DV28*E28,-1) -> 0 | DX28: =+ROUNDDOWN($DV28*F28,-1) -> 0 | DY28: =+ROUNDDOWN($DV28*G28,-1) -> 0 | DZ28: =+ROUNDDOWN($DV28*H28,-1) -> 0 | EA28: =+ROUNDDOWN($DV28*I28,-1) -> 0 | EB28: =+ROUNDDOWN($DV28*J28,-1) -> 0 | EC28: =+ROUNDDOWN($DV28*K28,-1) -> 0 | ED28: =+ROUNDDOWN($DV28*L28,-1) -> 0 | ... IL28: =+ROUNDDOWN($DV28*DT28,-1) -> 0 | IM28: =SUM(DX28,EE28,ER28,FE28,FF28,IL28) -> 0 | IS28: 0.01357224 | IT28: 0.01357224 | IU28: 0.0023862 | IV28: 0 | IW28: 0 | IX28: 0 | IY28: 0.02953068
A29: 저축성 | D29: 3년납이상 | E29: =IY29/1200% -> 0.152872 | F29: =IS29*$F$8 -> 0.4071672 | G29: =+M29/6 -> 0.0678612 | H29: =+G29 -> 0.0678612 | I29: =+H29 -> 0.0678612 | J29: =+I29 -> 0.0678612 | K29: =+J29 -> 0.0678612 | L29: =+K29 -> 0.0678612 | M29: =IT29*$F$8 -> 0.4071672 | N29: =+Z29/12 -> 0.023862 | O29: =+N29 -> 0.023862 | P29: =+O29 -> 0.023862 | Q29: =+P29 -> 0.023862 | R29: =+Q29 -> 0.023862 | S29: =+R29 -> 0.023862 | T29: =+S29 -> 0.023862 | U29: =+T29 -> 0.023862 | V29: =+U29 -> 0.023862 | ... Y29: =+X29 -> 0.023862 | Z29: =IU29*$F$8 -> 0.286344 | AA29: =+AM29/12 -> 0 | AB29: =+AA29 -> 0 | AC29: =+AB29 -> 0 | AD29: =+AC29 -> 0 | AE29: =+AD29 -> 0 | AF29: =+AE29 -> 0 | AG29: =+AF29 -> 0 | AH29: =+AG29 -> 0 | AI29: =+AH29 -> 0 | ... AL29: =+AK29 -> 0 | AM29: =IV29*$F$8 -> 0 | AN29: =IW29*$F$8 -> 0 | AO29: =+DU29/83 -> 0.013261186 | AP29: =+AO29 -> 0.013261186 | AQ29: =+AP29 -> 0.013261186 | AR29: =+AQ29 -> 0.013261186 | AS29: =+AR29 -> 0.013261186 | AT29: =+AS29 -> 0.013261186 | AU29: =+AT29 -> 0.013261186 | AV29: =+AU29 -> 0.013261186 | AW29: =+AV29 -> 0.013261186 | ... DS29: =+DR29 -> 0.013261186 | DT29: =+IX29*$F$8 -> 0 | DU29: =+IY29*$F$8 -> 1.1006784 | DW29: =+ROUNDDOWN($DV29*E29,-1) -> 0 | DX29: =+ROUNDDOWN($DV29*F29,-1) -> 0 | DY29: =+ROUNDDOWN($DV29*G29,-1) -> 0 | DZ29: =+ROUNDDOWN($DV29*H29,-1) -> 0 | EA29: =+ROUNDDOWN($DV29*I29,-1) -> 0 | EB29: =+ROUNDDOWN($DV29*J29,-1) -> 0 | EC29: =+ROUNDDOWN($DV29*K29,-1) -> 0 | ED29: =+ROUNDDOWN($DV29*L29,-1) -> 0 | ... IL29: =+ROUNDDOWN($DV29*DT29,-1) -> 0 | IM29: =SUM(DX29,EE29,ER29,FE29,FF29,IL29) -> 0 | IS29: 0.678612 | IT29: 0.678612 | IU29: 0.47724 | IV29: 0 | IW29: 0 | IX29: 0 | IY29: 1.834464
A30: 저축성 | D30: 5년납이상 | E30: =IY30/1200% -> 0.296626 | F30: =IS30*$F$8 -> 0.7125426 | G30: =+M30/6 -> 0.1187571 | H30: =+G30 -> 0.1187571 | I30: =+H30 -> 0.1187571 | J30: =+I30 -> 0.1187571 | K30: =+J30 -> 0.1187571 | L30: =+K30 -> 0.1187571 | M30: =IT30*$F$8 -> 0.7125426 | N30: =+Z30/12 -> 0.0504885 | O30: =+N30 -> 0.0504885 | P30: =+O30 -> 0.0504885 | Q30: =+P30 -> 0.0504885 | R30: =+Q30 -> 0.0504885 | S30: =+R30 -> 0.0504885 | T30: =+S30 -> 0.0504885 | U30: =+T30 -> 0.0504885 | V30: =+U30 -> 0.0504885 | ... Y30: =+X30 -> 0.0504885 | Z30: =IU30*$F$8 -> 0.605862 | AA30: =+AM30/12 -> 0.00873 | AB30: =+AA30 -> 0.00873 | AC30: =+AB30 -> 0.00873 | AD30: =+AC30 -> 0.00873 | AE30: =+AD30 -> 0.00873 | AF30: =+AE30 -> 0.00873 | AG30: =+AF30 -> 0.00873 | AH30: =+AG30 -> 0.00873 | AI30: =+AH30 -> 0.00873 | ... AL30: =+AK30 -> 0.00873 | AM30: =IV30*$F$8 -> 0.10476 | AN30: =IW30*$F$8 -> 0 | AO30: =+DU30/83 -> 0.025731412 | AP30: =+AO30 -> 0.025731412 | AQ30: =+AP30 -> 0.025731412 | AR30: =+AQ30 -> 0.025731412 | AS30: =+AR30 -> 0.025731412 | AT30: =+AS30 -> 0.025731412 | AU30: =+AT30 -> 0.025731412 | AV30: =+AU30 -> 0.025731412 | AW30: =+AV30 -> 0.025731412 | ... DS30: =+DR30 -> 0.025731412 | DT30: =+IX30*$F$8 -> 0 | DU30: =+IY30*$F$8 -> 2.1357072 | DW30: =+ROUNDDOWN($DV30*E30,-1) -> 0 | DX30: =+ROUNDDOWN($DV30*F30,-1) -> 0 | DY30: =+ROUNDDOWN($DV30*G30,-1) -> 0 | DZ30: =+ROUNDDOWN($DV30*H30,-1) -> 0 | EA30: =+ROUNDDOWN($DV30*I30,-1) -> 0 | EB30: =+ROUNDDOWN($DV30*J30,-1) -> 0 | EC30: =+ROUNDDOWN($DV30*K30,-1) -> 0 | ED30: =+ROUNDDOWN($DV30*L30,-1) -> 0 | ... IL30: =+ROUNDDOWN($DV30*DT30,-1) -> 0 | IM30: =SUM(DX30,EE30,ER30,FE30,FF30,IL30) -> 0 | IS30: 1.187571 | IT30: 1.187571 | IU30: 1.00977 | IV30: 0.1746 | IW30: 0 | IX30: 0 | IY30: 3.559512
A31: 저축성 | D31: 7년납이상 | E31: =IY31/1200% -> 0.363944 | F31: =IS31*$F$8 -> 0.8143344 | G31: =+M31/6 -> 0.1357224 | H31: =+G31 -> 0.1357224 | I31: =+H31 -> 0.1357224 | J31: =+I31 -> 0.1357224 | K31: =+J31 -> 0.1357224 | L31: =+K31 -> 0.1357224 | M31: =IT31*$F$8 -> 0.8143344 | N31: =+Z31/12 -> 0.065184 | O31: =+N31 -> 0.065184 | P31: =+O31 -> 0.065184 | Q31: =+P31 -> 0.065184 | R31: =+Q31 -> 0.065184 | S31: =+R31 -> 0.065184 | T31: =+S31 -> 0.065184 | U31: =+T31 -> 0.065184 | V31: =+U31 -> 0.065184 | ... Y31: =+X31 -> 0.065184 | Z31: =IU31*$F$8 -> 0.782208 | AA31: =+AM31/12 -> 0.01746 | AB31: =+AA31 -> 0.01746 | AC31: =+AB31 -> 0.01746 | AD31: =+AC31 -> 0.01746 | AE31: =+AD31 -> 0.01746 | AF31: =+AE31 -> 0.01746 | AG31: =+AF31 -> 0.01746 | AH31: =+AG31 -> 0.01746 | AI31: =+AH31 -> 0.01746 | ... AL31: =+AK31 -> 0.01746 | AM31: =IV31*$F$8 -> 0.20952 | AN31: =IW31*$F$8 -> 0 | AO31: =+DU31/83 -> 0.031571046 | AP31: =+AO31 -> 0.031571046 | AQ31: =+AP31 -> 0.031571046 | AR31: =+AQ31 -> 0.031571046 | AS31: =+AR31 -> 0.031571046 | AT31: =+AS31 -> 0.031571046 | AU31: =+AT31 -> 0.031571046 | AV31: =+AU31 -> 0.031571046 | AW31: =+AV31 -> 0.031571046 | ... DS31: =+DR31 -> 0.031571046 | DT31: =+IX31*$F$8 -> 0 | DU31: =+IY31*$F$8 -> 2.6203968 | DW31: =+ROUNDDOWN($DV31*E31,-1) -> 0 | DX31: =+ROUNDDOWN($DV31*F31,-1) -> 0 | DY31: =+ROUNDDOWN($DV31*G31,-1) -> 0 | DZ31: =+ROUNDDOWN($DV31*H31,-1) -> 0 | EA31: =+ROUNDDOWN($DV31*I31,-1) -> 0 | EB31: =+ROUNDDOWN($DV31*J31,-1) -> 0 | EC31: =+ROUNDDOWN($DV31*K31,-1) -> 0 | ED31: =+ROUNDDOWN($DV31*L31,-1) -> 0 | ... IL31: =+ROUNDDOWN($DV31*DT31,-1) -> 0 | IM31: =SUM(DX31,EE31,ER31,FE31,FF31,IL31) -> 0 | IS31: 1.357224 | IT31: 1.357224 | IU31: 1.30368 | IV31: 0.3492 | IW31: 0 | IX31: 0 | IY31: 4.367328
A32: 저축성 | D32: 10년납이상 | E32: =IY32/1200% -> 0.555034 | F32: =IS32*$F$8 -> 1.3232934 | G32: =+M32/6 -> 0.2205489 | H32: =+G32 -> 0.2205489 | I32: =+H32 -> 0.2205489 | J32: =+I32 -> 0.2205489 | K32: =+J32 -> 0.2205489 | L32: =+K32 -> 0.2205489 | M32: =IT32*$F$8 -> 1.3232934 | N32: =+Z32/12 -> 0.0950115 | O32: =+N32 -> 0.0950115 | P32: =+O32 -> 0.0950115 | Q32: =+P32 -> 0.0950115 | R32: =+Q32 -> 0.0950115 | S32: =+R32 -> 0.0950115 | T32: =+S32 -> 0.0950115 | U32: =+T32 -> 0.0950115 | V32: =+U32 -> 0.0950115 | ... Y32: =+X32 -> 0.0950115 | Z32: =IU32*$F$8 -> 1.140138 | AA32: =+AM32/12 -> 0.01746 | AB32: =+AA32 -> 0.01746 | AC32: =+AB32 -> 0.01746 | AD32: =+AC32 -> 0.01746 | AE32: =+AD32 -> 0.01746 | AF32: =+AE32 -> 0.01746 | AG32: =+AF32 -> 0.01746 | AH32: =+AG32 -> 0.01746 | AI32: =+AH32 -> 0.01746 | ... AL32: =+AK32 -> 0.01746 | AM32: =IV32*$F$8 -> 0.20952 | AN32: =IW32*$F$8 -> 0 | AO32: =+DU32/83 -> 0.048147528 | AP32: =+AO32 -> 0.048147528 | AQ32: =+AP32 -> 0.048147528 | AR32: =+AQ32 -> 0.048147528 | AS32: =+AR32 -> 0.048147528 | AT32: =+AS32 -> 0.048147528 | AU32: =+AT32 -> 0.048147528 | AV32: =+AU32 -> 0.048147528 | AW32: =+AV32 -> 0.048147528 | ... DS32: =+DR32 -> 0.048147528 | DT32: =+IX32*$F$8 -> 0 | DU32: =+IY32*$F$8 -> 3.9962448 | DW32: =+ROUNDDOWN($DV32*E32,-1) -> 0 | DX32: =+ROUNDDOWN($DV32*F32,-1) -> 0 | DY32: =+ROUNDDOWN($DV32*G32,-1) -> 0 | DZ32: =+ROUNDDOWN($DV32*H32,-1) -> 0 | EA32: =+ROUNDDOWN($DV32*I32,-1) -> 0 | EB32: =+ROUNDDOWN($DV32*J32,-1) -> 0 | EC32: =+ROUNDDOWN($DV32*K32,-1) -> 0 | ED32: =+ROUNDDOWN($DV32*L32,-1) -> 0 | ... IL32: =+ROUNDDOWN($DV32*DT32,-1) -> 0 | IM32: =SUM(DX32,EE32,ER32,FE32,FF32,IL32) -> 0 | IS32: 2.205489 | IT32: 2.205489 | IU32: 1.90023 | IV32: 0.3492 | IW32: 0 | IX32: 0 | IY32: 6.660408
A33: 저축성 | D33: 12년납이상 | E33: =IY33/1200% -> 0.593252 | F33: =IS33*$F$8 -> 1.4250852 | G33: =+M33/6 -> 0.2375142 | H33: =+G33 -> 0.2375142 | I33: =+H33 -> 0.2375142 | J33: =+I33 -> 0.2375142 | K33: =+J33 -> 0.2375142 | L33: =+K33 -> 0.2375142 | M33: =IT33*$F$8 -> 1.4250852 | N33: =+Z33/12 -> 0.100977 | O33: =+N33 -> 0.100977 | P33: =+O33 -> 0.100977 | Q33: =+P33 -> 0.100977 | R33: =+Q33 -> 0.100977 | S33: =+R33 -> 0.100977 | T33: =+S33 -> 0.100977 | U33: =+T33 -> 0.100977 | V33: =+U33 -> 0.100977 | ... Y33: =+X33 -> 0.100977 | Z33: =IU33*$F$8 -> 1.211724 | AA33: =+AM33/12 -> 0.01746 | AB33: =+AA33 -> 0.01746 | AC33: =+AB33 -> 0.01746 | AD33: =+AC33 -> 0.01746 | AE33: =+AD33 -> 0.01746 | AF33: =+AE33 -> 0.01746 | AG33: =+AF33 -> 0.01746 | AH33: =+AG33 -> 0.01746 | AI33: =+AH33 -> 0.01746 | ... AL33: =+AK33 -> 0.01746 | AM33: =IV33*$F$8 -> 0.20952 | AN33: =IW33*$F$8 -> 0 | AO33: =+DU33/83 -> 0.051462824 | AP33: =+AO33 -> 0.051462824 | AQ33: =+AP33 -> 0.051462824 | AR33: =+AQ33 -> 0.051462824 | AS33: =+AR33 -> 0.051462824 | AT33: =+AS33 -> 0.051462824 | AU33: =+AT33 -> 0.051462824 | AV33: =+AU33 -> 0.051462824 | AW33: =+AV33 -> 0.051462824 | ... DS33: =+DR33 -> 0.051462824 | DT33: =+IX33*$F$8 -> 0 | DU33: =+IY33*$F$8 -> 4.2714144 | DW33: =+ROUNDDOWN($DV33*E33,-1) -> 0 | DX33: =+ROUNDDOWN($DV33*F33,-1) -> 0 | DY33: =+ROUNDDOWN($DV33*G33,-1) -> 0 | DZ33: =+ROUNDDOWN($DV33*H33,-1) -> 0 | EA33: =+ROUNDDOWN($DV33*I33,-1) -> 0 | EB33: =+ROUNDDOWN($DV33*J33,-1) -> 0 | EC33: =+ROUNDDOWN($DV33*K33,-1) -> 0 | ED33: =+ROUNDDOWN($DV33*L33,-1) -> 0 | ... IL33: =+ROUNDDOWN($DV33*DT33,-1) -> 0 | IM33: =SUM(DX33,EE33,ER33,FE33,FF33,IL33) -> 0 | IS33: 2.375142 | IT33: 2.375142 | IU33: 2.01954 | IV33: 0.3492 | IW33: 0 | IX33: 0 | IY33: 7.119024
A34: 저축성 | B34: 월지급식 변액즉시연금보험 무배당 보증형/미보증형 | D34: 일시납 | E34: =IY34/1200% -> 0.002214801 | F34: =IS34*$F$8 -> 0.0073290096 | G34: =+M34/6 -> 0.0012215016 | H34: =+G34 -> 0.0012215016 | I34: =+H34 -> 0.0012215016 | J34: =+I34 -> 0.0012215016 | K34: =+J34 -> 0.0012215016 | L34: =+K34 -> 0.0012215016 | M34: =IT34*$F$8 -> 0.0073290096 | N34: =+Z34/12 -> 0.000107379 | O34: =+N34 -> 0.000107379 | P34: =+O34 -> 0.000107379 | Q34: =+P34 -> 0.000107379 | R34: =+Q34 -> 0.000107379 | S34: =+R34 -> 0.000107379 | T34: =+S34 -> 0.000107379 | U34: =+T34 -> 0.000107379 | V34: =+U34 -> 0.000107379 | ... Y34: =+X34 -> 0.000107379 | Z34: =IU34*$F$8 -> 0.001288548 | AA34: =+AM34/12 -> 0 | AB34: =+AA34 -> 0 | AC34: =+AB34 -> 0 | AD34: =+AC34 -> 0 | AE34: =+AD34 -> 0 | AF34: =+AE34 -> 0 | AG34: =+AF34 -> 0 | AH34: =+AG34 -> 0 | AI34: =+AH34 -> 0 | ... AL34: =+AK34 -> 0 | AM34: =IV34*$F$8 -> 0 | AN34: =IW34*$F$8 -> 0 | AO34: =+DU34/83 -> 0.00019212732 | AP34: =+AO34 -> 0.00019212732 | AQ34: =+AP34 -> 0.00019212732 | AR34: =+AQ34 -> 0.00019212732 | AS34: =+AR34 -> 0.00019212732 | AT34: =+AS34 -> 0.00019212732 | AU34: =+AT34 -> 0.00019212732 | AV34: =+AU34 -> 0.00019212732 | AW34: =+AV34 -> 0.00019212732 | ... DS34: =+DR34 -> 0.00019212732 | DT34: =+IX34*$F$8 -> 0 | DU34: =+IY34*$F$8 -> 0.015946567 | DW34: =+ROUNDDOWN($DV34*E34,-1) -> 0 | DX34: =+ROUNDDOWN($DV34*F34,-1) -> 0 | DY34: =+ROUNDDOWN($DV34*G34,-1) -> 0 | DZ34: =+ROUNDDOWN($DV34*H34,-1) -> 0 | EA34: =+ROUNDDOWN($DV34*I34,-1) -> 0 | EB34: =+ROUNDDOWN($DV34*J34,-1) -> 0 | EC34: =+ROUNDDOWN($DV34*K34,-1) -> 0 | ED34: =+ROUNDDOWN($DV34*L34,-1) -> 0 | ... IL34: =+ROUNDDOWN($DV34*DT34,-1) -> 0 | IM34: =SUM(DX34,EE34,ER34,FE34,FF34,IL34) -> 0 | IS34: 0.012215016 | IT34: 0.012215016 | IU34: 0.00214758 | IV34: 0 | IW34: 0 | IX34: 0 | IY34: 0.026577612
A35: 저축성 | B35: 미래에셋생명 변액적립보험 무배당 글로벌자산관리 | D35: 일시납 | E35: =IY35/1200% -> 0.0018456675 | F35: =IS35*$F$8 -> 0.006107508 | G35: =+M35/6 -> 0.001017918 | H35: =+G35 -> 0.001017918 | I35: =+H35 -> 0.001017918 | J35: =+I35 -> 0.001017918 | K35: =+J35 -> 0.001017918 | L35: =+K35 -> 0.001017918 | M35: =IT35*$F$8 -> 0.006107508 | N35: =+Z35/12 -> 8.94825e-05 | O35: =+N35 -> 8.94825e-05 | P35: =+O35 -> 8.94825e-05 | Q35: =+P35 -> 8.94825e-05 | R35: =+Q35 -> 8.94825e-05 | S35: =+R35 -> 8.94825e-05 | T35: =+S35 -> 8.94825e-05 | U35: =+T35 -> 8.94825e-05 | V35: =+U35 -> 8.94825e-05 | ... Y35: =+X35 -> 8.94825e-05 | Z35: =IU35*$F$8 -> 0.00107379 | AA35: =+AM35/12 -> 0 | AB35: =+AA35 -> 0 | AC35: =+AB35 -> 0 | AD35: =+AC35 -> 0 | AE35: =+AD35 -> 0 | AF35: =+AE35 -> 0 | AG35: =+AF35 -> 0 | AH35: =+AG35 -> 0 | AI35: =+AH35 -> 0 | ... AL35: =+AK35 -> 0 | AM35: =IV35*$F$8 -> 0 | AN35: =IW35*$F$8 -> 0 | AO35: =+DU35/83 -> 0.0001601061 | AP35: =+AO35 -> 0.0001601061 | AQ35: =+AP35 -> 0.0001601061 | AR35: =+AQ35 -> 0.0001601061 | AS35: =+AR35 -> 0.0001601061 | AT35: =+AS35 -> 0.0001601061 | AU35: =+AT35 -> 0.0001601061 | AV35: =+AU35 -> 0.0001601061 | AW35: =+AV35 -> 0.0001601061 | ... DS35: =+DR35 -> 0.0001601061 | DT35: =+IX35*$F$8 -> 0 | DU35: =+IY35*$F$8 -> 0.013288806 | DW35: =+ROUNDDOWN($DV35*E35,-1) -> 0 | DX35: =+ROUNDDOWN($DV35*F35,-1) -> 0 | DY35: =+ROUNDDOWN($DV35*G35,-1) -> 0 | DZ35: =+ROUNDDOWN($DV35*H35,-1) -> 0 | EA35: =+ROUNDDOWN($DV35*I35,-1) -> 0 | EB35: =+ROUNDDOWN($DV35*J35,-1) -> 0 | EC35: =+ROUNDDOWN($DV35*K35,-1) -> 0 | ED35: =+ROUNDDOWN($DV35*L35,-1) -> 0 | ... IL35: =+ROUNDDOWN($DV35*DT35,-1) -> 0 | IM35: =SUM(DX35,EE35,ER35,FE35,FF35,IL35) -> 0 | IS35: 0.01017918 | IT35: 0.01017918 | IU35: 0.00178965 | IV35: 0 | IW35: 0 | IX35: 0 | IY35: 0.02214801
A36: 저축성 | D36: 5년납 | E36: =IY36/1200% -> 0.096806 | F36: =IS36*$F$8 -> 0.2035836 | G36: =+M36/6 -> 0.0339306 | H36: =+G36 -> 0.0339306 | I36: =+H36 -> 0.0339306 | J36: =+I36 -> 0.0339306 | K36: =+J36 -> 0.0339306 | L36: =+K36 -> 0.0339306 | M36: =IT36*$F$8 -> 0.2035836 | N36: =+Z36/12 -> 0.018042 | O36: =+N36 -> 0.018042 | P36: =+O36 -> 0.018042 | Q36: =+P36 -> 0.018042 | R36: =+Q36 -> 0.018042 | S36: =+R36 -> 0.018042 | T36: =+S36 -> 0.018042 | U36: =+T36 -> 0.018042 | V36: =+U36 -> 0.018042 | ... Y36: =+X36 -> 0.018042 | Z36: =IU36*$F$8 -> 0.216504 | AA36: =+AM36/12 -> 0.006111 | AB36: =+AA36 -> 0.006111 | AC36: =+AB36 -> 0.006111 | AD36: =+AC36 -> 0.006111 | AE36: =+AD36 -> 0.006111 | AF36: =+AE36 -> 0.006111 | AG36: =+AF36 -> 0.006111 | AH36: =+AG36 -> 0.006111 | AI36: =+AH36 -> 0.006111 | ... AL36: =+AK36 -> 0.006111 | AM36: =IV36*$F$8 -> 0.073332 | AN36: =IW36*$F$8 -> 0 | AO36: =+DU36/83 -> 0.0083976289 | AP36: =+AO36 -> 0.0083976289 | AQ36: =+AP36 -> 0.0083976289 | AR36: =+AQ36 -> 0.0083976289 | AS36: =+AR36 -> 0.0083976289 | AT36: =+AS36 -> 0.0083976289 | AU36: =+AT36 -> 0.0083976289 | AV36: =+AU36 -> 0.0083976289 | AW36: =+AV36 -> 0.0083976289 | ... DS36: =+DR36 -> 0.0083976289 | DT36: =+IX36*$F$8 -> 0 | DU36: =+IY36*$F$8 -> 0.6970032 | DW36: =+ROUNDDOWN($DV36*E36,-1) -> 0 | DX36: =+ROUNDDOWN($DV36*F36,-1) -> 0 | DY36: =+ROUNDDOWN($DV36*G36,-1) -> 0 | DZ36: =+ROUNDDOWN($DV36*H36,-1) -> 0 | EA36: =+ROUNDDOWN($DV36*I36,-1) -> 0 | EB36: =+ROUNDDOWN($DV36*J36,-1) -> 0 | EC36: =+ROUNDDOWN($DV36*K36,-1) -> 0 | ED36: =+ROUNDDOWN($DV36*L36,-1) -> 0 | ... IL36: =+ROUNDDOWN($DV36*DT36,-1) -> 0 | IM36: =SUM(DX36,EE36,ER36,FE36,FF36,IL36) -> 0 | IS36: 0.339306 | IT36: 0.339306 | IU36: 0.36084 | IV36: 0.12222 | IW36: 0 | IX36: 0 | IY36: 1.161672
A37: 저축성 | D37: 6년납 | E37: =IY37/1200% -> 0.1637748 | F37: =IS37*$F$8 -> 0.36645048 | G37: =+M37/6 -> 0.06107508 | H37: =+G37 -> 0.06107508 | I37: =+H37 -> 0.06107508 | J37: =+I37 -> 0.06107508 | K37: =+J37 -> 0.06107508 | L37: =+K37 -> 0.06107508 | M37: =IT37*$F$8 -> 0.36645048 | N37: =+Z37/12 -> 0.0293328 | O37: =+N37 -> 0.0293328 | P37: =+O37 -> 0.0293328 | Q37: =+P37 -> 0.0293328 | R37: =+Q37 -> 0.0293328 | S37: =+R37 -> 0.0293328 | T37: =+S37 -> 0.0293328 | U37: =+T37 -> 0.0293328 | V37: =+U37 -> 0.0293328 | ... Y37: =+X37 -> 0.0293328 | Z37: =IU37*$F$8 -> 0.3519936 | AA37: =+AM37/12 -> 0.007857 | AB37: =+AA37 -> 0.007857 | AC37: =+AB37 -> 0.007857 | AD37: =+AC37 -> 0.007857 | AE37: =+AD37 -> 0.007857 | AF37: =+AE37 -> 0.007857 | AG37: =+AF37 -> 0.007857 | AH37: =+AG37 -> 0.007857 | AI37: =+AH37 -> 0.007857 | ... AL37: =+AK37 -> 0.007857 | AM37: =IV37*$F$8 -> 0.094284 | AN37: =IW37*$F$8 -> 0 | AO37: =+DU37/83 -> 0.014206971 | AP37: =+AO37 -> 0.014206971 | AQ37: =+AP37 -> 0.014206971 | AR37: =+AQ37 -> 0.014206971 | AS37: =+AR37 -> 0.014206971 | AT37: =+AS37 -> 0.014206971 | AU37: =+AT37 -> 0.014206971 | AV37: =+AU37 -> 0.014206971 | AW37: =+AV37 -> 0.014206971 | ... DS37: =+DR37 -> 0.014206971 | DT37: =+IX37*$F$8 -> 0 | DU37: =+IY37*$F$8 -> 1.1791786 | DW37: =+ROUNDDOWN($DV37*E37,-1) -> 0 | DX37: =+ROUNDDOWN($DV37*F37,-1) -> 0 | DY37: =+ROUNDDOWN($DV37*G37,-1) -> 0 | DZ37: =+ROUNDDOWN($DV37*H37,-1) -> 0 | EA37: =+ROUNDDOWN($DV37*I37,-1) -> 0 | EB37: =+ROUNDDOWN($DV37*J37,-1) -> 0 | EC37: =+ROUNDDOWN($DV37*K37,-1) -> 0 | ED37: =+ROUNDDOWN($DV37*L37,-1) -> 0 | ... IL37: =+ROUNDDOWN($DV37*DT37,-1) -> 0 | IM37: =SUM(DX37,EE37,ER37,FE37,FF37,IL37) -> 0 | IS37: 0.6107508 | IT37: 0.6107508 | IU37: 0.586656 | IV37: 0.15714 | IW37: 0 | IX37: 0 | IY37: 1.9652976
A38: 저축성 | D38: 7년납 | E38: =IY38/1200% -> 0.2154564 | F38: =IS38*$F$8 -> 0.48860064 | G38: =+M38/6 -> 0.08143344 | H38: =+G38 -> 0.08143344 | I38: =+H38 -> 0.08143344 | J38: =+I38 -> 0.08143344 | K38: =+J38 -> 0.08143344 | L38: =+K38 -> 0.08143344 | M38: =IT38*$F$8 -> 0.48860064 | N38: =+Z38/12 -> 0.0382374 | O38: =+N38 -> 0.0382374 | P38: =+O38 -> 0.0382374 | Q38: =+P38 -> 0.0382374 | R38: =+Q38 -> 0.0382374 | S38: =+R38 -> 0.0382374 | T38: =+S38 -> 0.0382374 | U38: =+T38 -> 0.0382374 | V38: =+U38 -> 0.0382374 | ... Y38: =+X38 -> 0.0382374 | Z38: =IU38*$F$8 -> 0.4588488 | AA38: =+AM38/12 -> 0.009603 | AB38: =+AA38 -> 0.009603 | AC38: =+AB38 -> 0.009603 | AD38: =+AC38 -> 0.009603 | AE38: =+AD38 -> 0.009603 | AF38: =+AE38 -> 0.009603 | AG38: =+AF38 -> 0.009603 | AH38: =+AG38 -> 0.009603 | AI38: =+AH38 -> 0.009603 | ... AL38: =+AK38 -> 0.009603 | AM38: =IV38*$F$8 -> 0.115236 | AN38: =IW38*$F$8 -> 0 | AO38: =+DU38/83 -> 0.018690194 | AP38: =+AO38 -> 0.018690194 | AQ38: =+AP38 -> 0.018690194 | AR38: =+AQ38 -> 0.018690194 | AS38: =+AR38 -> 0.018690194 | AT38: =+AS38 -> 0.018690194 | AU38: =+AT38 -> 0.018690194 | AV38: =+AU38 -> 0.018690194 | AW38: =+AV38 -> 0.018690194 | ... DS38: =+DR38 -> 0.018690194 | DT38: =+IX38*$F$8 -> 0 | DU38: =+IY38*$F$8 -> 1.5512861 | DW38: =+ROUNDDOWN($DV38*E38,-1) -> 0 | DX38: =+ROUNDDOWN($DV38*F38,-1) -> 0 | DY38: =+ROUNDDOWN($DV38*G38,-1) -> 0 | DZ38: =+ROUNDDOWN($DV38*H38,-1) -> 0 | EA38: =+ROUNDDOWN($DV38*I38,-1) -> 0 | EB38: =+ROUNDDOWN($DV38*J38,-1) -> 0 | EC38: =+ROUNDDOWN($DV38*K38,-1) -> 0 | ED38: =+ROUNDDOWN($DV38*L38,-1) -> 0 | ... IL38: =+ROUNDDOWN($DV38*DT38,-1) -> 0 | IM38: =SUM(DX38,EE38,ER38,FE38,FF38,IL38) -> 0 | IS38: 0.8143344 | IT38: 0.8143344 | IU38: 0.764748 | IV38: 0.19206 | IW38: 0 | IX38: 0 | IY38: 2.5854768
A39: 저축성 | D39: 8년납 | E39: =IY39/1200% -> 0.22892 | F39: =IS39*$F$8 -> 0.508959 | G39: =+M39/6 -> 0.0848265 | H39: =+G39 -> 0.0848265 | I39: =+H39 -> 0.0848265 | J39: =+I39 -> 0.0848265 | K39: =+J39 -> 0.0848265 | L39: =+K39 -> 0.0848265 | M39: =IT39*$F$8 -> 0.508959 | N39: =+Z39/12 -> 0.0411765 | O39: =+N39 -> 0.0411765 | P39: =+O39 -> 0.0411765 | Q39: =+P39 -> 0.0411765 | R39: =+Q39 -> 0.0411765 | S39: =+R39 -> 0.0411765 | T39: =+S39 -> 0.0411765 | U39: =+T39 -> 0.0411765 | V39: =+U39 -> 0.0411765 | ... Y39: =+X39 -> 0.0411765 | Z39: =IU39*$F$8 -> 0.494118 | AA39: =+AM39/12 -> 0.011349 | AB39: =+AA39 -> 0.011349 | AC39: =+AB39 -> 0.011349 | AD39: =+AC39 -> 0.011349 | AE39: =+AD39 -> 0.011349 | AF39: =+AE39 -> 0.011349 | AG39: =+AF39 -> 0.011349 | AH39: =+AG39 -> 0.011349 | AI39: =+AH39 -> 0.011349 | ... AL39: =+AK39 -> 0.011349 | AM39: =IV39*$F$8 -> 0.136188 | AN39: =IW39*$F$8 -> 0 | AO39: =+DU39/83 -> 0.01985812 | AP39: =+AO39 -> 0.01985812 | AQ39: =+AP39 -> 0.01985812 | AR39: =+AQ39 -> 0.01985812 | AS39: =+AR39 -> 0.01985812 | AT39: =+AS39 -> 0.01985812 | AU39: =+AT39 -> 0.01985812 | AV39: =+AU39 -> 0.01985812 | AW39: =+AV39 -> 0.01985812 | ... DS39: =+DR39 -> 0.01985812 | DT39: =+IX39*$F$8 -> 0 | DU39: =+IY39*$F$8 -> 1.648224 | DW39: =+ROUNDDOWN($DV39*E39,-1) -> 0 | DX39: =+ROUNDDOWN($DV39*F39,-1) -> 0 | DY39: =+ROUNDDOWN($DV39*G39,-1) -> 0 | DZ39: =+ROUNDDOWN($DV39*H39,-1) -> 0 | EA39: =+ROUNDDOWN($DV39*I39,-1) -> 0 | EB39: =+ROUNDDOWN($DV39*J39,-1) -> 0 | EC39: =+ROUNDDOWN($DV39*K39,-1) -> 0 | ED39: =+ROUNDDOWN($DV39*L39,-1) -> 0 | ... IL39: =+ROUNDDOWN($DV39*DT39,-1) -> 0 | IM39: =SUM(DX39,EE39,ER39,FE39,FF39,IL39) -> 0 | IS39: 0.848265 | IT39: 0.848265 | IU39: 0.82353 | IV39: 0.22698 | IW39: 0 | IX39: 0 | IY39: 2.74704
A40: 저축성 | D40: 9년납 | E40: =IY40/1200% -> 0.2547608 | F40: =IS40*$F$8 -> 0.57003408 | G40: =+M40/6 -> 0.09500568 | H40: =+G40 -> 0.09500568 | I40: =+H40 -> 0.09500568 | J40: =+I40 -> 0.09500568 | K40: =+J40 -> 0.09500568 | L40: =+K40 -> 0.09500568 | M40: =IT40*$F$8 -> 0.57003408 | N40: =+Z40/12 -> 0.0456288 | O40: =+N40 -> 0.0456288 | P40: =+O40 -> 0.0456288 | Q40: =+P40 -> 0.0456288 | R40: =+Q40 -> 0.0456288 | S40: =+R40 -> 0.0456288 | T40: =+S40 -> 0.0456288 | U40: =+T40 -> 0.0456288 | V40: =+U40 -> 0.0456288 | ... Y40: =+X40 -> 0.0456288 | Z40: =IU40*$F$8 -> 0.5475456 | AA40: =+AM40/12 -> 0.012222 | AB40: =+AA40 -> 0.012222 | AC40: =+AB40 -> 0.012222 | AD40: =+AC40 -> 0.012222 | AE40: =+AD40 -> 0.012222 | AF40: =+AE40 -> 0.012222 | AG40: =+AF40 -> 0.012222 | AH40: =+AG40 -> 0.012222 | AI40: =+AH40 -> 0.012222 | ... AL40: =+AK40 -> 0.012222 | AM40: =IV40*$F$8 -> 0.146664 | AN40: =IW40*$F$8 -> 0 | AO40: =+DU40/83 -> 0.022099732 | AP40: =+AO40 -> 0.022099732 | AQ40: =+AP40 -> 0.022099732 | AR40: =+AQ40 -> 0.022099732 | AS40: =+AR40 -> 0.022099732 | AT40: =+AS40 -> 0.022099732 | AU40: =+AT40 -> 0.022099732 | AV40: =+AU40 -> 0.022099732 | AW40: =+AV40 -> 0.022099732 | ... DS40: =+DR40 -> 0.022099732 | DT40: =+IX40*$F$8 -> 0 | DU40: =+IY40*$F$8 -> 1.8342778 | DW40: =+ROUNDDOWN($DV40*E40,-1) -> 0 | DX40: =+ROUNDDOWN($DV40*F40,-1) -> 0 | DY40: =+ROUNDDOWN($DV40*G40,-1) -> 0 | DZ40: =+ROUNDDOWN($DV40*H40,-1) -> 0 | EA40: =+ROUNDDOWN($DV40*I40,-1) -> 0 | EB40: =+ROUNDDOWN($DV40*J40,-1) -> 0 | EC40: =+ROUNDDOWN($DV40*K40,-1) -> 0 | ED40: =+ROUNDDOWN($DV40*L40,-1) -> 0 | ... IL40: =+ROUNDDOWN($DV40*DT40,-1) -> 0 | IM40: =SUM(DX40,EE40,ER40,FE40,FF40,IL40) -> 0 | IS40: 0.9500568 | IT40: 0.9500568 | IU40: 0.912576 | IV40: 0.24444 | IW40: 0 | IX40: 0 | IY40: 3.0571296
A41: 저축성 | D41: 10년납 | E41: =IY41/1200% -> 0.2576708 | F41: =IS41*$F$8 -> 0.57003408 | G41: =+M41/6 -> 0.09500568 | H41: =+G41 -> 0.09500568 | I41: =+H41 -> 0.09500568 | J41: =+I41 -> 0.09500568 | K41: =+J41 -> 0.09500568 | L41: =+K41 -> 0.09500568 | M41: =IT41*$F$8 -> 0.57003408 | N41: =+Z41/12 -> 0.0465018 | O41: =+N41 -> 0.0465018 | P41: =+O41 -> 0.0465018 | Q41: =+P41 -> 0.0465018 | R41: =+Q41 -> 0.0465018 | S41: =+R41 -> 0.0465018 | T41: =+S41 -> 0.0465018 | U41: =+T41 -> 0.0465018 | V41: =+U41 -> 0.0465018 | ... Y41: =+X41 -> 0.0465018 | Z41: =IU41*$F$8 -> 0.5580216 | AA41: =+AM41/12 -> 0.013095 | AB41: =+AA41 -> 0.013095 | AC41: =+AB41 -> 0.013095 | AD41: =+AC41 -> 0.013095 | AE41: =+AD41 -> 0.013095 | AF41: =+AE41 -> 0.013095 | AG41: =+AF41 -> 0.013095 | AH41: =+AG41 -> 0.013095 | AI41: =+AH41 -> 0.013095 | ... AL41: =+AK41 -> 0.013095 | AM41: =IV41*$F$8 -> 0.15714 | AN41: =IW41*$F$8 -> 0 | AO41: =+DU41/83 -> 0.022352166 | AP41: =+AO41 -> 0.022352166 | AQ41: =+AP41 -> 0.022352166 | AR41: =+AQ41 -> 0.022352166 | AS41: =+AR41 -> 0.022352166 | AT41: =+AS41 -> 0.022352166 | AU41: =+AT41 -> 0.022352166 | AV41: =+AU41 -> 0.022352166 | AW41: =+AV41 -> 0.022352166 | ... DS41: =+DR41 -> 0.022352166 | DT41: =+IX41*$F$8 -> 0 | DU41: =+IY41*$F$8 -> 1.8552298 | DW41: =+ROUNDDOWN($DV41*E41,-1) -> 0 | DX41: =+ROUNDDOWN($DV41*F41,-1) -> 0 | DY41: =+ROUNDDOWN($DV41*G41,-1) -> 0 | DZ41: =+ROUNDDOWN($DV41*H41,-1) -> 0 | EA41: =+ROUNDDOWN($DV41*I41,-1) -> 0 | EB41: =+ROUNDDOWN($DV41*J41,-1) -> 0 | EC41: =+ROUNDDOWN($DV41*K41,-1) -> 0 | ED41: =+ROUNDDOWN($DV41*L41,-1) -> 0 | ... IL41: =+ROUNDDOWN($DV41*DT41,-1) -> 0 | IM41: =SUM(DX41,EE41,ER41,FE41,FF41,IL41) -> 0 | IS41: 0.9500568 | IT41: 0.9500568 | IU41: 0.930036 | IV41: 0.2619 | IW41: 0 | IX41: 0 | IY41: 3.0920496
A42: 저축성 | D42: 11년납 | E42: =IY42/1200% -> 0.2576708 | F42: =IS42*$F$8 -> 0.57003408 | G42: =+M42/6 -> 0.09500568 | H42: =+G42 -> 0.09500568 | I42: =+H42 -> 0.09500568 | J42: =+I42 -> 0.09500568 | K42: =+J42 -> 0.09500568 | L42: =+K42 -> 0.09500568 | M42: =IT42*$F$8 -> 0.57003408 | N42: =+Z42/12 -> 0.0465018 | O42: =+N42 -> 0.0465018 | P42: =+O42 -> 0.0465018 | Q42: =+P42 -> 0.0465018 | R42: =+Q42 -> 0.0465018 | S42: =+R42 -> 0.0465018 | T42: =+S42 -> 0.0465018 | U42: =+T42 -> 0.0465018 | V42: =+U42 -> 0.0465018 | ... Y42: =+X42 -> 0.0465018 | Z42: =IU42*$F$8 -> 0.5580216 | AA42: =+AM42/12 -> 0.013095 | AB42: =+AA42 -> 0.013095 | AC42: =+AB42 -> 0.013095 | AD42: =+AC42 -> 0.013095 | AE42: =+AD42 -> 0.013095 | AF42: =+AE42 -> 0.013095 | AG42: =+AF42 -> 0.013095 | AH42: =+AG42 -> 0.013095 | AI42: =+AH42 -> 0.013095 | ... AL42: =+AK42 -> 0.013095 | AM42: =IV42*$F$8 -> 0.15714 | AN42: =IW42*$F$8 -> 0 | AO42: =+DU42/83 -> 0.022352166 | AP42: =+AO42 -> 0.022352166 | AQ42: =+AP42 -> 0.022352166 | AR42: =+AQ42 -> 0.022352166 | AS42: =+AR42 -> 0.022352166 | AT42: =+AS42 -> 0.022352166 | AU42: =+AT42 -> 0.022352166 | AV42: =+AU42 -> 0.022352166 | AW42: =+AV42 -> 0.022352166 | ... DS42: =+DR42 -> 0.022352166 | DT42: =+IX42*$F$8 -> 0 | DU42: =+IY42*$F$8 -> 1.8552298 | DW42: =+ROUNDDOWN($DV42*E42,-1) -> 0 | DX42: =+ROUNDDOWN($DV42*F42,-1) -> 0 | DY42: =+ROUNDDOWN($DV42*G42,-1) -> 0 | DZ42: =+ROUNDDOWN($DV42*H42,-1) -> 0 | EA42: =+ROUNDDOWN($DV42*I42,-1) -> 0 | EB42: =+ROUNDDOWN($DV42*J42,-1) -> 0 | EC42: =+ROUNDDOWN($DV42*K42,-1) -> 0 | ED42: =+ROUNDDOWN($DV42*L42,-1) -> 0 | ... IL42: =+ROUNDDOWN($DV42*DT42,-1) -> 0 | IM42: =SUM(DX42,EE42,ER42,FE42,FF42,IL42) -> 0 | IS42: 0.9500568 | IT42: 0.9500568 | IU42: 0.930036 | IV42: 0.2619 | IW42: 0 | IX42: 0 | IY42: 3.0920496
A43: 저축성 | D43: 12년납이상 | E43: =IY43/1200% -> 0.2576708 | F43: =IS43*$F$8 -> 0.57003408 | G43: =+M43/6 -> 0.09500568 | H43: =+G43 -> 0.09500568 | I43: =+H43 -> 0.09500568 | J43: =+I43 -> 0.09500568 | K43: =+J43 -> 0.09500568 | L43: =+K43 -> 0.09500568 | M43: =IT43*$F$8 -> 0.57003408 | N43: =+Z43/12 -> 0.0465018 | O43: =+N43 -> 0.0465018 | P43: =+O43 -> 0.0465018 | Q43: =+P43 -> 0.0465018 | R43: =+Q43 -> 0.0465018 | S43: =+R43 -> 0.0465018 | T43: =+S43 -> 0.0465018 | U43: =+T43 -> 0.0465018 | V43: =+U43 -> 0.0465018 | ... Y43: =+X43 -> 0.0465018 | Z43: =IU43*$F$8 -> 0.5580216 | AA43: =+AM43/12 -> 0.013095 | AB43: =+AA43 -> 0.013095 | AC43: =+AB43 -> 0.013095 | AD43: =+AC43 -> 0.013095 | AE43: =+AD43 -> 0.013095 | AF43: =+AE43 -> 0.013095 | AG43: =+AF43 -> 0.013095 | AH43: =+AG43 -> 0.013095 | AI43: =+AH43 -> 0.013095 | ... AL43: =+AK43 -> 0.013095 | AM43: =IV43*$F$8 -> 0.15714 | AN43: =IW43*$F$8 -> 0 | AO43: =+DU43/83 -> 0.022352166 | AP43: =+AO43 -> 0.022352166 | AQ43: =+AP43 -> 0.022352166 | AR43: =+AQ43 -> 0.022352166 | AS43: =+AR43 -> 0.022352166 | AT43: =+AS43 -> 0.022352166 | AU43: =+AT43 -> 0.022352166 | AV43: =+AU43 -> 0.022352166 | AW43: =+AV43 -> 0.022352166 | ... DS43: =+DR43 -> 0.022352166 | DT43: =+IX43*$F$8 -> 0 | DU43: =+IY43*$F$8 -> 1.8552298 | DW43: =+ROUNDDOWN($DV43*E43,-1) -> 0 | DX43: =+ROUNDDOWN($DV43*F43,-1) -> 0 | DY43: =+ROUNDDOWN($DV43*G43,-1) -> 0 | DZ43: =+ROUNDDOWN($DV43*H43,-1) -> 0 | EA43: =+ROUNDDOWN($DV43*I43,-1) -> 0 | EB43: =+ROUNDDOWN($DV43*J43,-1) -> 0 | EC43: =+ROUNDDOWN($DV43*K43,-1) -> 0 | ED43: =+ROUNDDOWN($DV43*L43,-1) -> 0 | ... IL43: =+ROUNDDOWN($DV43*DT43,-1) -> 0 | IM43: =SUM(DX43,EE43,ER43,FE43,FF43,IL43) -> 0 | IS43: 0.9500568 | IT43: 0.9500568 | IU43: 0.930036 | IV43: 0.2619 | IW43: 0 | IX43: 0 | IY43: 3.0920496
A44: 저축성 | B44: 미래에셋생명 변액저축보험 무배당 기본형 | D44: 일시납 | E44: =IY44/1200% -> 0.001722623 | F44: =IS44*$F$8 -> 0.0057003408 | G44: =+M44/6 -> 0.0009500568 | H44: =+G44 -> 0.0009500568 | I44: =+H44 -> 0.0009500568 | J44: =+I44 -> 0.0009500568 | K44: =+J44 -> 0.0009500568 | L44: =+K44 -> 0.0009500568 | M44: =IT44*$F$8 -> 0.0057003408 | N44: =+Z44/12 -> 8.3517e-05 | O44: =+N44 -> 8.3517e-05 | P44: =+O44 -> 8.3517e-05 | Q44: =+P44 -> 8.3517e-05 | R44: =+Q44 -> 8.3517e-05 | S44: =+R44 -> 8.3517e-05 | T44: =+S44 -> 8.3517e-05 | U44: =+T44 -> 8.3517e-05 | V44: =+U44 -> 8.3517e-05 | ... Y44: =+X44 -> 8.3517e-05 | Z44: =IU44*$F$8 -> 0.001002204 | AA44: =+AM44/12 -> 0 | AB44: =+AA44 -> 0 | AC44: =+AB44 -> 0 | AD44: =+AC44 -> 0 | AE44: =+AD44 -> 0 | AF44: =+AE44 -> 0 | AG44: =+AF44 -> 0 | AH44: =+AG44 -> 0 | AI44: =+AH44 -> 0 | ... AL44: =+AK44 -> 0 | AM44: =IV44*$F$8 -> 0 | AN44: =IW44*$F$8 -> 0 | AO44: =+DU44/83 -> 0.00014943236 | AP44: =+AO44 -> 0.00014943236 | AQ44: =+AP44 -> 0.00014943236 | AR44: =+AQ44 -> 0.00014943236 | AS44: =+AR44 -> 0.00014943236 | AT44: =+AS44 -> 0.00014943236 | AU44: =+AT44 -> 0.00014943236 | AV44: =+AU44 -> 0.00014943236 | AW44: =+AV44 -> 0.00014943236 | ... DS44: =+DR44 -> 0.00014943236 | DT44: =+IX44*$F$8 -> 0 | DU44: =+IY44*$F$8 -> 0.012402886 | DW44: =+ROUNDDOWN($DV44*E44,-1) -> 0 | DX44: =+ROUNDDOWN($DV44*F44,-1) -> 0 | DY44: =+ROUNDDOWN($DV44*G44,-1) -> 0 | DZ44: =+ROUNDDOWN($DV44*H44,-1) -> 0 | EA44: =+ROUNDDOWN($DV44*I44,-1) -> 0 | EB44: =+ROUNDDOWN($DV44*J44,-1) -> 0 | EC44: =+ROUNDDOWN($DV44*K44,-1) -> 0 | ED44: =+ROUNDDOWN($DV44*L44,-1) -> 0 | ... IL44: =+ROUNDDOWN($DV44*DT44,-1) -> 0 | IM44: =SUM(DX44,EE44,ER44,FE44,FF44,IL44) -> 0 | IS44: 0.009500568 | IT44: 0.009500568 | IU44: 0.00167034 | IV44: 0 | IW44: 0 | IX44: 0 | IY44: 0.020671476
A45: 저축성 | D45: 2년납 | E45: =IY45/1200% -> 0.0187404 | F45: =IS45*$F$8 -> 0.03053754 | G45: =+M45/6 -> 0.00508959 | H45: =+G45 -> 0.00508959 | I45: =+H45 -> 0.00508959 | J45: =+I45 -> 0.00508959 | K45: =+J45 -> 0.00508959 | L45: =+K45 -> 0.00508959 | M45: =IT45*$F$8 -> 0.03053754 | N45: =+Z45/12 -> 0.00615465 | O45: =+N45 -> 0.00615465 | P45: =+O45 -> 0.00615465 | Q45: =+P45 -> 0.00615465 | R45: =+Q45 -> 0.00615465 | S45: =+R45 -> 0.00615465 | T45: =+S45 -> 0.00615465 | U45: =+T45 -> 0.00615465 | V45: =+U45 -> 0.00615465 | ... Y45: =+X45 -> 0.00615465 | Z45: =IU45*$F$8 -> 0.0738558 | AA45: =+AM45/12 -> 0 | AB45: =+AA45 -> 0 | AC45: =+AB45 -> 0 | AD45: =+AC45 -> 0 | AE45: =+AD45 -> 0 | AF45: =+AE45 -> 0 | AG45: =+AF45 -> 0 | AH45: =+AG45 -> 0 | AI45: =+AH45 -> 0 | ... AL45: =+AK45 -> 0 | AM45: =IV45*$F$8 -> 0 | AN45: =IW45*$F$8 -> 0 | AO45: =+DU45/83 -> 0.0016256733 | AP45: =+AO45 -> 0.0016256733 | AQ45: =+AP45 -> 0.0016256733 | AR45: =+AQ45 -> 0.0016256733 | AS45: =+AR45 -> 0.0016256733 | AT45: =+AS45 -> 0.0016256733 | AU45: =+AT45 -> 0.0016256733 | AV45: =+AU45 -> 0.0016256733 | AW45: =+AV45 -> 0.0016256733 | ... DS45: =+DR45 -> 0.0016256733 | DT45: =+IX45*$F$8 -> 0 | DU45: =+IY45*$F$8 -> 0.13493088 | DW45: =+ROUNDDOWN($DV45*E45,-1) -> 0 | DX45: =+ROUNDDOWN($DV45*F45,-1) -> 0 | DY45: =+ROUNDDOWN($DV45*G45,-1) -> 0 | DZ45: =+ROUNDDOWN($DV45*H45,-1) -> 0 | EA45: =+ROUNDDOWN($DV45*I45,-1) -> 0 | EB45: =+ROUNDDOWN($DV45*J45,-1) -> 0 | EC45: =+ROUNDDOWN($DV45*K45,-1) -> 0 | ED45: =+ROUNDDOWN($DV45*L45,-1) -> 0 | ... IL45: =+ROUNDDOWN($DV45*DT45,-1) -> 0 | IM45: =SUM(DX45,EE45,ER45,FE45,FF45,IL45) -> 0 | IS45: 0.0508959 | IT45: 0.0508959 | IU45: 0.123093 | IV45: 0 | IW45: 0 | IX45: 0 | IY45: 0.2248848
A46: 저축성 | D46: 3년납 | E46: =IY46/1200% -> 0.062759 | F46: =IS46*$F$8 -> 0.0508959 | G46: =+M46/6 -> 0.00848265 | H46: =+G46 -> 0.00848265 | I46: =+H46 -> 0.00848265 | J46: =+I46 -> 0.00848265 | K46: =+J46 -> 0.00848265 | L46: =+K46 -> 0.00848265 | M46: =IT46*$F$8 -> 0.0508959 | N46: =+Z46/12 -> 0.01607775 | O46: =+N46 -> 0.01607775 | P46: =+O46 -> 0.01607775 | Q46: =+P46 -> 0.01607775 | R46: =+Q46 -> 0.01607775 | S46: =+R46 -> 0.01607775 | T46: =+S46 -> 0.01607775 | U46: =+T46 -> 0.01607775 | V46: =+U46 -> 0.01607775 | ... Y46: =+X46 -> 0.01607775 | Z46: =IU46*$F$8 -> 0.192933 | AA46: =+AM46/12 -> 0.013095 | AB46: =+AA46 -> 0.013095 | AC46: =+AB46 -> 0.013095 | AD46: =+AC46 -> 0.013095 | AE46: =+AD46 -> 0.013095 | AF46: =+AE46 -> 0.013095 | AG46: =+AF46 -> 0.013095 | AH46: =+AG46 -> 0.013095 | AI46: =+AH46 -> 0.013095 | ... AL46: =+AK46 -> 0.013095 | AM46: =IV46*$F$8 -> 0.15714 | AN46: =IW46*$F$8 -> 0 | AO46: =+DU46/83 -> 0.0054441542 | AP46: =+AO46 -> 0.0054441542 | AQ46: =+AP46 -> 0.0054441542 | AR46: =+AQ46 -> 0.0054441542 | AS46: =+AR46 -> 0.0054441542 | AT46: =+AS46 -> 0.0054441542 | AU46: =+AT46 -> 0.0054441542 | AV46: =+AU46 -> 0.0054441542 | AW46: =+AV46 -> 0.0054441542 | ... DS46: =+DR46 -> 0.0054441542 | DT46: =+IX46*$F$8 -> 0 | DU46: =+IY46*$F$8 -> 0.4518648 | DW46: =+ROUNDDOWN($DV46*E46,-1) -> 0 | DX46: =+ROUNDDOWN($DV46*F46,-1) -> 0 | DY46: =+ROUNDDOWN($DV46*G46,-1) -> 0 | DZ46: =+ROUNDDOWN($DV46*H46,-1) -> 0 | EA46: =+ROUNDDOWN($DV46*I46,-1) -> 0 | EB46: =+ROUNDDOWN($DV46*J46,-1) -> 0 | EC46: =+ROUNDDOWN($DV46*K46,-1) -> 0 | ED46: =+ROUNDDOWN($DV46*L46,-1) -> 0 | ... IL46: =+ROUNDDOWN($DV46*DT46,-1) -> 0 | IM46: =SUM(DX46,EE46,ER46,FE46,FF46,IL46) -> 0 | IS46: 0.0848265 | IT46: 0.0848265 | IU46: 0.321555 | IV46: 0.2619 | IW46: 0 | IX46: 0 | IY46: 0.753108
A47: 저축성 | D47: 4년납 | E47: =IY47/1200% -> 0.0811308 | F47: =IS47*$F$8 -> 0.06107508 | G47: =+M47/6 -> 0.01017918 | H47: =+G47 -> 0.01017918 | I47: =+H47 -> 0.01017918 | J47: =+I47 -> 0.01017918 | K47: =+J47 -> 0.01017918 | L47: =+K47 -> 0.01017918 | M47: =IT47*$F$8 -> 0.06107508 | N47: =+Z47/12 -> 0.0210393 | O47: =+N47 -> 0.0210393 | P47: =+O47 -> 0.0210393 | Q47: =+P47 -> 0.0210393 | R47: =+Q47 -> 0.0210393 | S47: =+R47 -> 0.0210393 | T47: =+S47 -> 0.0210393 | U47: =+T47 -> 0.0210393 | V47: =+U47 -> 0.0210393 | ... Y47: =+X47 -> 0.0210393 | Z47: =IU47*$F$8 -> 0.2524716 | AA47: =+AM47/12 -> 0.01746 | AB47: =+AA47 -> 0.01746 | AC47: =+AB47 -> 0.01746 | AD47: =+AC47 -> 0.01746 | AE47: =+AD47 -> 0.01746 | AF47: =+AE47 -> 0.01746 | AG47: =+AF47 -> 0.01746 | AH47: =+AG47 -> 0.01746 | AI47: =+AH47 -> 0.01746 | ... AL47: =+AK47 -> 0.01746 | AM47: =IV47*$F$8 -> 0.20952 | AN47: =IW47*$F$8 -> 0 | AO47: =+DU47/83 -> 0.0070378525 | AP47: =+AO47 -> 0.0070378525 | AQ47: =+AP47 -> 0.0070378525 | AR47: =+AQ47 -> 0.0070378525 | AS47: =+AR47 -> 0.0070378525 | AT47: =+AS47 -> 0.0070378525 | AU47: =+AT47 -> 0.0070378525 | AV47: =+AU47 -> 0.0070378525 | AW47: =+AV47 -> 0.0070378525 | ... DS47: =+DR47 -> 0.0070378525 | DT47: =+IX47*$F$8 -> 0 | DU47: =+IY47*$F$8 -> 0.58414176 | DW47: =+ROUNDDOWN($DV47*E47,-1) -> 0 | DX47: =+ROUNDDOWN($DV47*F47,-1) -> 0 | DY47: =+ROUNDDOWN($DV47*G47,-1) -> 0 | DZ47: =+ROUNDDOWN($DV47*H47,-1) -> 0 | EA47: =+ROUNDDOWN($DV47*I47,-1) -> 0 | EB47: =+ROUNDDOWN($DV47*J47,-1) -> 0 | EC47: =+ROUNDDOWN($DV47*K47,-1) -> 0 | ED47: =+ROUNDDOWN($DV47*L47,-1) -> 0 | ... IL47: =+ROUNDDOWN($DV47*DT47,-1) -> 0 | IM47: =SUM(DX47,EE47,ER47,FE47,FF47,IL47) -> 0 | IS47: 0.1017918 | IT47: 0.1017918 | IU47: 0.420786 | IV47: 0.3492 | IW47: 0 | IX47: 0 | IY47: 0.9735696
A48: 저축성 | D48: 5년납 | E48: =IY48/1200% -> 0.0995026 | F48: =IS48*$F$8 -> 0.07125426 | G48: =+M48/6 -> 0.01187571 | H48: =+G48 -> 0.01187571 | I48: =+H48 -> 0.01187571 | J48: =+I48 -> 0.01187571 | K48: =+J48 -> 0.01187571 | L48: =+K48 -> 0.01187571 | M48: =IT48*$F$8 -> 0.07125426 | N48: =+Z48/12 -> 0.02600085 | O48: =+N48 -> 0.02600085 | P48: =+O48 -> 0.02600085 | Q48: =+P48 -> 0.02600085 | R48: =+Q48 -> 0.02600085 | S48: =+R48 -> 0.02600085 | T48: =+S48 -> 0.02600085 | U48: =+T48 -> 0.02600085 | V48: =+U48 -> 0.02600085 | ... Y48: =+X48 -> 0.02600085 | Z48: =IU48*$F$8 -> 0.3120102 | AA48: =+AM48/12 -> 0.021825 | AB48: =+AA48 -> 0.021825 | AC48: =+AB48 -> 0.021825 | AD48: =+AC48 -> 0.021825 | AE48: =+AD48 -> 0.021825 | AF48: =+AE48 -> 0.021825 | AG48: =+AF48 -> 0.021825 | AH48: =+AG48 -> 0.021825 | AI48: =+AH48 -> 0.021825 | ... AL48: =+AK48 -> 0.021825 | AM48: =IV48*$F$8 -> 0.2619 | AN48: =IW48*$F$8 -> 0 | AO48: =+DU48/83 -> 0.0086315508 | AP48: =+AO48 -> 0.0086315508 | AQ48: =+AP48 -> 0.0086315508 | AR48: =+AQ48 -> 0.0086315508 | AS48: =+AR48 -> 0.0086315508 | AT48: =+AS48 -> 0.0086315508 | AU48: =+AT48 -> 0.0086315508 | AV48: =+AU48 -> 0.0086315508 | AW48: =+AV48 -> 0.0086315508 | ... DS48: =+DR48 -> 0.0086315508 | DT48: =+IX48*$F$8 -> 0 | DU48: =+IY48*$F$8 -> 0.71641872 | DW48: =+ROUNDDOWN($DV48*E48,-1) -> 0 | DX48: =+ROUNDDOWN($DV48*F48,-1) -> 0 | DY48: =+ROUNDDOWN($DV48*G48,-1) -> 0 | DZ48: =+ROUNDDOWN($DV48*H48,-1) -> 0 | EA48: =+ROUNDDOWN($DV48*I48,-1) -> 0 | EB48: =+ROUNDDOWN($DV48*J48,-1) -> 0 | EC48: =+ROUNDDOWN($DV48*K48,-1) -> 0 | ED48: =+ROUNDDOWN($DV48*L48,-1) -> 0 | ... IL48: =+ROUNDDOWN($DV48*DT48,-1) -> 0 | IM48: =SUM(DX48,EE48,ER48,FE48,FF48,IL48) -> 0 | IS48: 0.1187571 | IT48: 0.1187571 | IU48: 0.520017 | IV48: 0.4365 | IW48: 0 | IX48: 0 | IY48: 1.1940312
A49: 저축성 | D49: 6년납 | E49: =IY49/1200% -> 0.1178744 | F49: =IS49*$F$8 -> 0.08143344 | G49: =+M49/6 -> 0.01357224 | H49: =+G49 -> 0.01357224 | I49: =+H49 -> 0.01357224 | J49: =+I49 -> 0.01357224 | K49: =+J49 -> 0.01357224 | L49: =+K49 -> 0.01357224 | M49: =IT49*$F$8 -> 0.08143344 | N49: =+Z49/12 -> 0.0309624 | O49: =+N49 -> 0.0309624 | P49: =+O49 -> 0.0309624 | Q49: =+P49 -> 0.0309624 | R49: =+Q49 -> 0.0309624 | S49: =+R49 -> 0.0309624 | T49: =+S49 -> 0.0309624 | U49: =+T49 -> 0.0309624 | V49: =+U49 -> 0.0309624 | ... Y49: =+X49 -> 0.0309624 | Z49: =IU49*$F$8 -> 0.3715488 | AA49: =+AM49/12 -> 0.02619 | AB49: =+AA49 -> 0.02619 | AC49: =+AB49 -> 0.02619 | AD49: =+AC49 -> 0.02619 | AE49: =+AD49 -> 0.02619 | AF49: =+AE49 -> 0.02619 | AG49: =+AF49 -> 0.02619 | AH49: =+AG49 -> 0.02619 | AI49: =+AH49 -> 0.02619 | ... AL49: =+AK49 -> 0.02619 | AM49: =IV49*$F$8 -> 0.31428 | AN49: =IW49*$F$8 -> 0 | AO49: =+DU49/83 -> 0.010225249 | AP49: =+AO49 -> 0.010225249 | AQ49: =+AP49 -> 0.010225249 | AR49: =+AQ49 -> 0.010225249 | AS49: =+AR49 -> 0.010225249 | AT49: =+AS49 -> 0.010225249 | AU49: =+AT49 -> 0.010225249 | AV49: =+AU49 -> 0.010225249 | AW49: =+AV49 -> 0.010225249 | ... DS49: =+DR49 -> 0.010225249 | DT49: =+IX49*$F$8 -> 0 | DU49: =+IY49*$F$8 -> 0.84869568 | DW49: =+ROUNDDOWN($DV49*E49,-1) -> 0 | DX49: =+ROUNDDOWN($DV49*F49,-1) -> 0 | DY49: =+ROUNDDOWN($DV49*G49,-1) -> 0 | DZ49: =+ROUNDDOWN($DV49*H49,-1) -> 0 | EA49: =+ROUNDDOWN($DV49*I49,-1) -> 0 | EB49: =+ROUNDDOWN($DV49*J49,-1) -> 0 | EC49: =+ROUNDDOWN($DV49*K49,-1) -> 0 | ED49: =+ROUNDDOWN($DV49*L49,-1) -> 0 | ... IL49: =+ROUNDDOWN($DV49*DT49,-1) -> 0 | IM49: =SUM(DX49,EE49,ER49,FE49,FF49,IL49) -> 0 | IS49: 0.1357224 | IT49: 0.1357224 | IU49: 0.619248 | IV49: 0.5238 | IW49: 0 | IX49: 0 | IY49: 1.4144928
A50: 저축성 | D50: 7년납 | E50: =IY50/1200% -> 0.1216962 | F50: =IS50*$F$8 -> 0.09161262 | G50: =+M50/6 -> 0.01526877 | H50: =+G50 -> 0.01526877 | I50: =+H50 -> 0.01526877 | J50: =+I50 -> 0.01526877 | K50: =+J50 -> 0.01526877 | L50: =+K50 -> 0.01526877 | M50: =IT50*$F$8 -> 0.09161262 | N50: =+Z50/12 -> 0.03155895 | O50: =+N50 -> 0.03155895 | P50: =+O50 -> 0.03155895 | Q50: =+P50 -> 0.03155895 | R50: =+Q50 -> 0.03155895 | S50: =+R50 -> 0.03155895 | T50: =+S50 -> 0.03155895 | U50: =+T50 -> 0.03155895 | V50: =+U50 -> 0.03155895 | ... Y50: =+X50 -> 0.03155895 | Z50: =IU50*$F$8 -> 0.3787074 | AA50: =+AM50/12 -> 0.02619 | AB50: =+AA50 -> 0.02619 | AC50: =+AB50 -> 0.02619 | AD50: =+AC50 -> 0.02619 | AE50: =+AD50 -> 0.02619 | AF50: =+AE50 -> 0.02619 | AG50: =+AF50 -> 0.02619 | AH50: =+AG50 -> 0.02619 | AI50: =+AH50 -> 0.02619 | ... AL50: =+AK50 -> 0.02619 | AM50: =IV50*$F$8 -> 0.31428 | AN50: =IW50*$F$8 -> 0 | AO50: =+DU50/83 -> 0.010556779 | AP50: =+AO50 -> 0.010556779 | AQ50: =+AP50 -> 0.010556779 | AR50: =+AQ50 -> 0.010556779 | AS50: =+AR50 -> 0.010556779 | AT50: =+AS50 -> 0.010556779 | AU50: =+AT50 -> 0.010556779 | AV50: =+AU50 -> 0.010556779 | AW50: =+AV50 -> 0.010556779 | ... DS50: =+DR50 -> 0.010556779 | DT50: =+IX50*$F$8 -> 0 | DU50: =+IY50*$F$8 -> 0.87621264 | DW50: =+ROUNDDOWN($DV50*E50,-1) -> 0 | DX50: =+ROUNDDOWN($DV50*F50,-1) -> 0 | DY50: =+ROUNDDOWN($DV50*G50,-1) -> 0 | DZ50: =+ROUNDDOWN($DV50*H50,-1) -> 0 | EA50: =+ROUNDDOWN($DV50*I50,-1) -> 0 | EB50: =+ROUNDDOWN($DV50*J50,-1) -> 0 | EC50: =+ROUNDDOWN($DV50*K50,-1) -> 0 | ED50: =+ROUNDDOWN($DV50*L50,-1) -> 0 | ... IL50: =+ROUNDDOWN($DV50*DT50,-1) -> 0 | IM50: =SUM(DX50,EE50,ER50,FE50,FF50,IL50) -> 0 | IS50: 0.1526877 | IT50: 0.1526877 | IU50: 0.631179 | IV50: 0.5238 | IW50: 0 | IX50: 0 | IY50: 1.4603544
A51: 저축성 | D51: 8년납 | E51: =IY51/1200% -> 0.140068 | F51: =IS51*$F$8 -> 0.1017918 | G51: =+M51/6 -> 0.0169653 | H51: =+G51 -> 0.0169653 | I51: =+H51 -> 0.0169653 | J51: =+I51 -> 0.0169653 | K51: =+J51 -> 0.0169653 | L51: =+K51 -> 0.0169653 | M51: =IT51*$F$8 -> 0.1017918 | N51: =+Z51/12 -> 0.0365205 | O51: =+N51 -> 0.0365205 | P51: =+O51 -> 0.0365205 | Q51: =+P51 -> 0.0365205 | R51: =+Q51 -> 0.0365205 | S51: =+R51 -> 0.0365205 | T51: =+S51 -> 0.0365205 | U51: =+T51 -> 0.0365205 | V51: =+U51 -> 0.0365205 | ... Y51: =+X51 -> 0.0365205 | Z51: =IU51*$F$8 -> 0.438246 | AA51: =+AM51/12 -> 0.030555 | AB51: =+AA51 -> 0.030555 | AC51: =+AB51 -> 0.030555 | AD51: =+AC51 -> 0.030555 | AE51: =+AD51 -> 0.030555 | AF51: =+AE51 -> 0.030555 | AG51: =+AF51 -> 0.030555 | AH51: =+AG51 -> 0.030555 | AI51: =+AH51 -> 0.030555 | ... AL51: =+AK51 -> 0.030555 | AM51: =IV51*$F$8 -> 0.36666 | AN51: =IW51*$F$8 -> 0 | AO51: =+DU51/83 -> 0.012150477 | AP51: =+AO51 -> 0.012150477 | AQ51: =+AP51 -> 0.012150477 | AR51: =+AQ51 -> 0.012150477 | AS51: =+AR51 -> 0.012150477 | AT51: =+AS51 -> 0.012150477 | AU51: =+AT51 -> 0.012150477 | AV51: =+AU51 -> 0.012150477 | AW51: =+AV51 -> 0.012150477 | ... DS51: =+DR51 -> 0.012150477 | DT51: =+IX51*$F$8 -> 0 | DU51: =+IY51*$F$8 -> 1.0084896 | DW51: =+ROUNDDOWN($DV51*E51,-1) -> 0 | DX51: =+ROUNDDOWN($DV51*F51,-1) -> 0 | DY51: =+ROUNDDOWN($DV51*G51,-1) -> 0 | DZ51: =+ROUNDDOWN($DV51*H51,-1) -> 0 | EA51: =+ROUNDDOWN($DV51*I51,-1) -> 0 | EB51: =+ROUNDDOWN($DV51*J51,-1) -> 0 | EC51: =+ROUNDDOWN($DV51*K51,-1) -> 0 | ED51: =+ROUNDDOWN($DV51*L51,-1) -> 0 | ... IL51: =+ROUNDDOWN($DV51*DT51,-1) -> 0 | IM51: =SUM(DX51,EE51,ER51,FE51,FF51,IL51) -> 0 | IS51: 0.169653 | IT51: 0.169653 | IU51: 0.73041 | IV51: 0.6111 | IW51: 0 | IX51: 0 | IY51: 1.680816
A52: 저축성 | D52: 9년납 | E52: =IY52/1200% -> 0.1584398 | F52: =IS52*$F$8 -> 0.11197098 | G52: =+M52/6 -> 0.01866183 | H52: =+G52 -> 0.01866183 | I52: =+H52 -> 0.01866183 | J52: =+I52 -> 0.01866183 | K52: =+J52 -> 0.01866183 | L52: =+K52 -> 0.01866183 | M52: =IT52*$F$8 -> 0.11197098 | N52: =+Z52/12 -> 0.04148205 | O52: =+N52 -> 0.04148205 | P52: =+O52 -> 0.04148205 | Q52: =+P52 -> 0.04148205 | R52: =+Q52 -> 0.04148205 | S52: =+R52 -> 0.04148205 | T52: =+S52 -> 0.04148205 | U52: =+T52 -> 0.04148205 | V52: =+U52 -> 0.04148205 | ... Y52: =+X52 -> 0.04148205 | Z52: =IU52*$F$8 -> 0.4977846 | AA52: =+AM52/12 -> 0.03492 | AB52: =+AA52 -> 0.03492 | AC52: =+AB52 -> 0.03492 | AD52: =+AC52 -> 0.03492 | AE52: =+AD52 -> 0.03492 | AF52: =+AE52 -> 0.03492 | AG52: =+AF52 -> 0.03492 | AH52: =+AG52 -> 0.03492 | AI52: =+AH52 -> 0.03492 | ... AL52: =+AK52 -> 0.03492 | AM52: =IV52*$F$8 -> 0.41904 | AN52: =IW52*$F$8 -> 0 | AO52: =+DU52/83 -> 0.013744175 | AP52: =+AO52 -> 0.013744175 | AQ52: =+AP52 -> 0.013744175 | AR52: =+AQ52 -> 0.013744175 | AS52: =+AR52 -> 0.013744175 | AT52: =+AS52 -> 0.013744175 | AU52: =+AT52 -> 0.013744175 | AV52: =+AU52 -> 0.013744175 | AW52: =+AV52 -> 0.013744175 | ... DS52: =+DR52 -> 0.013744175 | DT52: =+IX52*$F$8 -> 0 | DU52: =+IY52*$F$8 -> 1.1407666 | DW52: =+ROUNDDOWN($DV52*E52,-1) -> 0 | DX52: =+ROUNDDOWN($DV52*F52,-1) -> 0 | DY52: =+ROUNDDOWN($DV52*G52,-1) -> 0 | DZ52: =+ROUNDDOWN($DV52*H52,-1) -> 0 | EA52: =+ROUNDDOWN($DV52*I52,-1) -> 0 | EB52: =+ROUNDDOWN($DV52*J52,-1) -> 0 | EC52: =+ROUNDDOWN($DV52*K52,-1) -> 0 | ED52: =+ROUNDDOWN($DV52*L52,-1) -> 0 | ... IL52: =+ROUNDDOWN($DV52*DT52,-1) -> 0 | IM52: =SUM(DX52,EE52,ER52,FE52,FF52,IL52) -> 0 | IS52: 0.1866183 | IT52: 0.1866183 | IU52: 0.829641 | IV52: 0.6984 | IW52: 0 | IX52: 0 | IY52: 1.9012776
A53: 저축성 | D53: 10년납 | E53: =IY53/1200% -> 0.1768116 | F53: =IS53*$F$8 -> 0.12215016 | G53: =+M53/6 -> 0.02035836 | H53: =+G53 -> 0.02035836 | I53: =+H53 -> 0.02035836 | J53: =+I53 -> 0.02035836 | K53: =+J53 -> 0.02035836 | L53: =+K53 -> 0.02035836 | M53: =IT53*$F$8 -> 0.12215016 | N53: =+Z53/12 -> 0.0464436 | O53: =+N53 -> 0.0464436 | P53: =+O53 -> 0.0464436 | Q53: =+P53 -> 0.0464436 | R53: =+Q53 -> 0.0464436 | S53: =+R53 -> 0.0464436 | T53: =+S53 -> 0.0464436 | U53: =+T53 -> 0.0464436 | V53: =+U53 -> 0.0464436 | ... Y53: =+X53 -> 0.0464436 | Z53: =IU53*$F$8 -> 0.5573232 | AA53: =+AM53/12 -> 0.039285 | AB53: =+AA53 -> 0.039285 | AC53: =+AB53 -> 0.039285 | AD53: =+AC53 -> 0.039285 | AE53: =+AD53 -> 0.039285 | AF53: =+AE53 -> 0.039285 | AG53: =+AF53 -> 0.039285 | AH53: =+AG53 -> 0.039285 | AI53: =+AH53 -> 0.039285 | ... AL53: =+AK53 -> 0.039285 | AM53: =IV53*$F$8 -> 0.47142 | AN53: =IW53*$F$8 -> 0 | AO53: =+DU53/83 -> 0.015337874 | AP53: =+AO53 -> 0.015337874 | AQ53: =+AP53 -> 0.015337874 | AR53: =+AQ53 -> 0.015337874 | AS53: =+AR53 -> 0.015337874 | AT53: =+AS53 -> 0.015337874 | AU53: =+AT53 -> 0.015337874 | AV53: =+AU53 -> 0.015337874 | AW53: =+AV53 -> 0.015337874 | ... DS53: =+DR53 -> 0.015337874 | DT53: =+IX53*$F$8 -> 0 | DU53: =+IY53*$F$8 -> 1.2730435 | DW53: =+ROUNDDOWN($DV53*E53,-1) -> 0 | DX53: =+ROUNDDOWN($DV53*F53,-1) -> 0 | DY53: =+ROUNDDOWN($DV53*G53,-1) -> 0 | DZ53: =+ROUNDDOWN($DV53*H53,-1) -> 0 | EA53: =+ROUNDDOWN($DV53*I53,-1) -> 0 | EB53: =+ROUNDDOWN($DV53*J53,-1) -> 0 | EC53: =+ROUNDDOWN($DV53*K53,-1) -> 0 | ED53: =+ROUNDDOWN($DV53*L53,-1) -> 0 | ... IL53: =+ROUNDDOWN($DV53*DT53,-1) -> 0 | IM53: =SUM(DX53,EE53,ER53,FE53,FF53,IL53) -> 0 | IS53: 0.2035836 | IT53: 0.2035836 | IU53: 0.928872 | IV53: 0.7857 | IW53: 0 | IX53: 0 | IY53: 2.1217392
A54: 저축성 | D54: 11년납 | E54: =IY54/1200% -> 0.1951834 | F54: =IS54*$F$8 -> 0.13232934 | G54: =+M54/6 -> 0.02205489 | H54: =+G54 -> 0.02205489 | I54: =+H54 -> 0.02205489 | J54: =+I54 -> 0.02205489 | K54: =+J54 -> 0.02205489 | L54: =+K54 -> 0.02205489 | M54: =IT54*$F$8 -> 0.13232934 | N54: =+Z54/12 -> 0.05140515 | O54: =+N54 -> 0.05140515 | P54: =+O54 -> 0.05140515 | Q54: =+P54 -> 0.05140515 | R54: =+Q54 -> 0.05140515 | S54: =+R54 -> 0.05140515 | T54: =+S54 -> 0.05140515 | U54: =+T54 -> 0.05140515 | V54: =+U54 -> 0.05140515 | ... Y54: =+X54 -> 0.05140515 | Z54: =IU54*$F$8 -> 0.6168618 | AA54: =+AM54/12 -> 0.04365 | AB54: =+AA54 -> 0.04365 | AC54: =+AB54 -> 0.04365 | AD54: =+AC54 -> 0.04365 | AE54: =+AD54 -> 0.04365 | AF54: =+AE54 -> 0.04365 | AG54: =+AF54 -> 0.04365 | AH54: =+AG54 -> 0.04365 | AI54: =+AH54 -> 0.04365 | ... AL54: =+AK54 -> 0.04365 | AM54: =IV54*$F$8 -> 0.5238 | AN54: =IW54*$F$8 -> 0 | AO54: =+DU54/83 -> 0.016931572 | AP54: =+AO54 -> 0.016931572 | AQ54: =+AP54 -> 0.016931572 | AR54: =+AQ54 -> 0.016931572 | AS54: =+AR54 -> 0.016931572 | AT54: =+AS54 -> 0.016931572 | AU54: =+AT54 -> 0.016931572 | AV54: =+AU54 -> 0.016931572 | AW54: =+AV54 -> 0.016931572 | ... DS54: =+DR54 -> 0.016931572 | DT54: =+IX54*$F$8 -> 0 | DU54: =+IY54*$F$8 -> 1.4053205 | DW54: =+ROUNDDOWN($DV54*E54,-1) -> 0 | DX54: =+ROUNDDOWN($DV54*F54,-1) -> 0 | DY54: =+ROUNDDOWN($DV54*G54,-1) -> 0 | DZ54: =+ROUNDDOWN($DV54*H54,-1) -> 0 | EA54: =+ROUNDDOWN($DV54*I54,-1) -> 0 | EB54: =+ROUNDDOWN($DV54*J54,-1) -> 0 | EC54: =+ROUNDDOWN($DV54*K54,-1) -> 0 | ED54: =+ROUNDDOWN($DV54*L54,-1) -> 0 | ... IL54: =+ROUNDDOWN($DV54*DT54,-1) -> 0 | IM54: =SUM(DX54,EE54,ER54,FE54,FF54,IL54) -> 0 | IS54: 0.2205489 | IT54: 0.2205489 | IU54: 1.028103 | IV54: 0.873 | IW54: 0 | IX54: 0 | IY54: 2.3422008
A55: 저축성 | D55: 12년납이상 | E55: =IY55/1200% -> 0.2135552 | F55: =IS55*$F$8 -> 0.14250852 | G55: =+M55/6 -> 0.02375142 | H55: =+G55 -> 0.02375142 | I55: =+H55 -> 0.02375142 | J55: =+I55 -> 0.02375142 | K55: =+J55 -> 0.02375142 | L55: =+K55 -> 0.02375142 | M55: =IT55*$F$8 -> 0.14250852 | N55: =+Z55/12 -> 0.0563667 | O55: =+N55 -> 0.0563667 | P55: =+O55 -> 0.0563667 | Q55: =+P55 -> 0.0563667 | R55: =+Q55 -> 0.0563667 | S55: =+R55 -> 0.0563667 | T55: =+S55 -> 0.0563667 | U55: =+T55 -> 0.0563667 | V55: =+U55 -> 0.0563667 | ... Y55: =+X55 -> 0.0563667 | Z55: =IU55*$F$8 -> 0.6764004 | AA55: =+AM55/12 -> 0.048015 | AB55: =+AA55 -> 0.048015 | AC55: =+AB55 -> 0.048015 | AD55: =+AC55 -> 0.048015 | AE55: =+AD55 -> 0.048015 | AF55: =+AE55 -> 0.048015 | AG55: =+AF55 -> 0.048015 | AH55: =+AG55 -> 0.048015 | AI55: =+AH55 -> 0.048015 | ... AL55: =+AK55 -> 0.048015 | AM55: =IV55*$F$8 -> 0.57618 | AN55: =IW55*$F$8 -> 0 | AO55: =+DU55/83 -> 0.01852527 | AP55: =+AO55 -> 0.01852527 | AQ55: =+AP55 -> 0.01852527 | AR55: =+AQ55 -> 0.01852527 | AS55: =+AR55 -> 0.01852527 | AT55: =+AS55 -> 0.01852527 | AU55: =+AT55 -> 0.01852527 | AV55: =+AU55 -> 0.01852527 | AW55: =+AV55 -> 0.01852527 | ... DS55: =+DR55 -> 0.01852527 | DT55: =+IX55*$F$8 -> 0 | DU55: =+IY55*$F$8 -> 1.5375974 | DW55: =+ROUNDDOWN($DV55*E55,-1) -> 0 | DX55: =+ROUNDDOWN($DV55*F55,-1) -> 0 | DY55: =+ROUNDDOWN($DV55*G55,-1) -> 0 | DZ55: =+ROUNDDOWN($DV55*H55,-1) -> 0 | EA55: =+ROUNDDOWN($DV55*I55,-1) -> 0 | EB55: =+ROUNDDOWN($DV55*J55,-1) -> 0 | EC55: =+ROUNDDOWN($DV55*K55,-1) -> 0 | ED55: =+ROUNDDOWN($DV55*L55,-1) -> 0 | ... IL55: =+ROUNDDOWN($DV55*DT55,-1) -> 0 | IM55: =SUM(DX55,EE55,ER55,FE55,FF55,IL55) -> 0 | IS55: 0.2375142 | IT55: 0.2375142 | IU55: 1.127334 | IV55: 0.9603 | IW55: 0 | IX55: 0 | IY55: 2.5626624
A56: 저축성 | B56: 미래에셋생명 변액저축보험 무배당 보장강화형 | D56: 2년납 | E56: =IY56/1200% -> 0.0187404 | F56: =IS56*$F$8 -> 0.03053754 | G56: =+M56/6 -> 0.00508959 | H56: =+G56 -> 0.00508959 | I56: =+H56 -> 0.00508959 | J56: =+I56 -> 0.00508959 | K56: =+J56 -> 0.00508959 | L56: =+K56 -> 0.00508959 | M56: =IT56*$F$8 -> 0.03053754 | N56: =+Z56/12 -> 0.00615465 | O56: =+N56 -> 0.00615465 | P56: =+O56 -> 0.00615465 | Q56: =+P56 -> 0.00615465 | R56: =+Q56 -> 0.00615465 | S56: =+R56 -> 0.00615465 | T56: =+S56 -> 0.00615465 | U56: =+T56 -> 0.00615465 | V56: =+U56 -> 0.00615465 | ... Y56: =+X56 -> 0.00615465 | Z56: =IU56*$F$8 -> 0.0738558 | AA56: =+AM56/12 -> 0 | AB56: =+AA56 -> 0 | AC56: =+AB56 -> 0 | AD56: =+AC56 -> 0 | AE56: =+AD56 -> 0 | AF56: =+AE56 -> 0 | AG56: =+AF56 -> 0 | AH56: =+AG56 -> 0 | AI56: =+AH56 -> 0 | ... AL56: =+AK56 -> 0 | AM56: =IV56*$F$8 -> 0 | AN56: =IW56*$F$8 -> 0 | AO56: =+DU56/83 -> 0.0016256733 | AP56: =+AO56 -> 0.0016256733 | AQ56: =+AP56 -> 0.0016256733 | AR56: =+AQ56 -> 0.0016256733 | AS56: =+AR56 -> 0.0016256733 | AT56: =+AS56 -> 0.0016256733 | AU56: =+AT56 -> 0.0016256733 | AV56: =+AU56 -> 0.0016256733 | AW56: =+AV56 -> 0.0016256733 | ... DS56: =+DR56 -> 0.0016256733 | DT56: =+IX56*$F$8 -> 0 | DU56: =+IY56*$F$8 -> 0.13493088 | DW56: =+ROUNDDOWN($DV56*E56,-1) -> 0 | DX56: =+ROUNDDOWN($DV56*F56,-1) -> 0 | DY56: =+ROUNDDOWN($DV56*G56,-1) -> 0 | DZ56: =+ROUNDDOWN($DV56*H56,-1) -> 0 | EA56: =+ROUNDDOWN($DV56*I56,-1) -> 0 | EB56: =+ROUNDDOWN($DV56*J56,-1) -> 0 | EC56: =+ROUNDDOWN($DV56*K56,-1) -> 0 | ED56: =+ROUNDDOWN($DV56*L56,-1) -> 0 | ... IL56: =+ROUNDDOWN($DV56*DT56,-1) -> 0 | IM56: =SUM(DX56,EE56,ER56,FE56,FF56,IL56) -> 0 | IS56: 0.0508959 | IT56: 0.0508959 | IU56: 0.123093 | IV56: 0 | IW56: 0 | IX56: 0 | IY56: 0.2248848
A57: 저축성 | D57: 3년납 | E57: =IY57/1200% -> 0.062759 | F57: =IS57*$F$8 -> 0.0508959 | G57: =+M57/6 -> 0.00848265 | H57: =+G57 -> 0.00848265 | I57: =+H57 -> 0.00848265 | J57: =+I57 -> 0.00848265 | K57: =+J57 -> 0.00848265 | L57: =+K57 -> 0.00848265 | M57: =IT57*$F$8 -> 0.0508959 | N57: =+Z57/12 -> 0.01607775 | O57: =+N57 -> 0.01607775 | P57: =+O57 -> 0.01607775 | Q57: =+P57 -> 0.01607775 | R57: =+Q57 -> 0.01607775 | S57: =+R57 -> 0.01607775 | T57: =+S57 -> 0.01607775 | U57: =+T57 -> 0.01607775 | V57: =+U57 -> 0.01607775 | ... Y57: =+X57 -> 0.01607775 | Z57: =IU57*$F$8 -> 0.192933 | AA57: =+AM57/12 -> 0.013095 | AB57: =+AA57 -> 0.013095 | AC57: =+AB57 -> 0.013095 | AD57: =+AC57 -> 0.013095 | AE57: =+AD57 -> 0.013095 | AF57: =+AE57 -> 0.013095 | AG57: =+AF57 -> 0.013095 | AH57: =+AG57 -> 0.013095 | AI57: =+AH57 -> 0.013095 | ... AL57: =+AK57 -> 0.013095 | AM57: =IV57*$F$8 -> 0.15714 | AN57: =IW57*$F$8 -> 0 | AO57: =+DU57/83 -> 0.0054441542 | AP57: =+AO57 -> 0.0054441542 | AQ57: =+AP57 -> 0.0054441542 | AR57: =+AQ57 -> 0.0054441542 | AS57: =+AR57 -> 0.0054441542 | AT57: =+AS57 -> 0.0054441542 | AU57: =+AT57 -> 0.0054441542 | AV57: =+AU57 -> 0.0054441542 | AW57: =+AV57 -> 0.0054441542 | ... DS57: =+DR57 -> 0.0054441542 | DT57: =+IX57*$F$8 -> 0 | DU57: =+IY57*$F$8 -> 0.4518648 | DW57: =+ROUNDDOWN($DV57*E57,-1) -> 0 | DX57: =+ROUNDDOWN($DV57*F57,-1) -> 0 | DY57: =+ROUNDDOWN($DV57*G57,-1) -> 0 | DZ57: =+ROUNDDOWN($DV57*H57,-1) -> 0 | EA57: =+ROUNDDOWN($DV57*I57,-1) -> 0 | EB57: =+ROUNDDOWN($DV57*J57,-1) -> 0 | EC57: =+ROUNDDOWN($DV57*K57,-1) -> 0 | ED57: =+ROUNDDOWN($DV57*L57,-1) -> 0 | ... IL57: =+ROUNDDOWN($DV57*DT57,-1) -> 0 | IM57: =SUM(DX57,EE57,ER57,FE57,FF57,IL57) -> 0 | IS57: 0.0848265 | IT57: 0.0848265 | IU57: 0.321555 | IV57: 0.2619 | IW57: 0 | IX57: 0 | IY57: 0.753108
